nome,cpf,idade,endereco,bairro,estado
Sr. Vitor Gabriel Silva,640.***.***01,26.0,"trevo emanuel silva, 482",vila tirol,RONDÔNIA
Calebe Santos,651.***.***46,26.0,"recanto moraes, 7",ernesto nascimento,RIO DE JANEIRO
Maria Julia Castro,164.***.***43,26.0,"residencial de pereira, 20",jatobá,PERNAMBUCO
Arthur Da Rosa,085.***.***30,26.0,"parque almeida, 66",vila suzana segunda seção,SANTA CATARINA
Juan Pereira,520.***.***21,26.0,"rodovia de pereira, 51",estrela,RIO DE JANEIRO
Dra. Ana Laura Ribeiro,210.***.***20,26.0,esplanada lavínia ramos,são francisco,DISTRITO FEDERAL
Maria Clara Araújo,960.***.***80,26.0,"praça cavalcanti, 65",conjunto celso machado,PARANÁ
Vitória Oliveira,302.***.***83,26.0,"esplanada monteiro, 88",conjunto paulo vi,RORAIMA
Benjamin Oliveira,451.***.***84,26.0,"ladeira monteiro, 57",vila primeiro de maio,ACRE
Pietro Barros,843.***.***50,26.0,"recanto luiz miguel jesus, 35",vila aeroporto jaraguá,MINAS GERAIS
Samuel Cavalcanti,520.***.***01,26.0,"ladeira de porto, 38",nova america,RORAIMA
Ian Da Costa,384.***.***78,26.0,"via de jesus, 57",vila da amizade,GOIÁS
Dr. Emanuel Costa,736.***.***19,26.0,"lago castro, 94",mariano de abreu,GOIÁS
Larissa Da Cruz,128.***.***60,26.0,"setor isadora da rosa, 583",chácara leonina,MATO GROSSO DO SUL
Diogo Carvalho,078.***.***97,26.0,"viaduto pedro lucas cavalcanti, 49",tiradentes,MARANHÃO
Sr. Anthony Almeida,305.***.***60,26.0,"rua vitor hugo pinto, 21",anchieta,BAHIA
Clara Martins,397.***.***86,26.0,"rodovia aragão, 245",conjunto lagoa,BAHIA
Dr. Luiz Felipe Cardoso,374.***.***20,26.0,"alameda de lima, 65",boa esperança,AMAPÁ
Sr. Calebe Lopes,135.***.***77,26.0,"trecho lucas sales, 24",dom bosco,CEARÁ
Miguel Monteiro,097.***.***41,26.0,"passarela igor novaes, 89",pompéia,ACRE
Srta. Catarina Da Mata,468.***.***57,26.0,"sítio luna carvalho, 98",novo santa cecilia,ACRE
João Gabriel Araújo,625.***.***25,26.0,"esplanada de castro, 4",vila nova cachoeirinha 1ª seção,RORAIMA
Sr. Nicolas Azevedo,036.***.***33,26.0,"estrada de aragão, 1",vila barragem santa lúcia,RIO DE JANEIRO
Kamilly Caldeira,508.***.***47,26.0,via gabriela nascimento,madre gertrudes,MATO GROSSO DO SUL
Renan Araújo,186.***.***57,26.0,"travessa vinicius da mata, 52",alta tensão 1ª seção,SÃO PAULO
Vicente Nascimento,054.***.***32,26.0,largo vieira,milionario,CEARÁ
Isaac Rocha,873.***.***69,26.0,"área lucas gabriel silveira, 51",anchieta,RIO DE JANEIRO
Julia Das Neves,819.***.***05,26.0,"jardim isabelly gomes, 23",nossa senhora de fátima,PARANÁ
Breno Rodrigues,196.***.***34,26.0,distrito de silveira,dona clara,MARANHÃO
Isabel Nogueira,968.***.***65,26.0,travessa ana júlia da rocha,miramar,PIAUÍ
Anthony Araújo,208.***.***26,26.0,"avenida milena pires, 360",vila rica,TOCANTINS
Sra. Marina Da Cunha,067.***.***95,26.0,"rodovia marcelo souza, 25",estrela,AMAZONAS
Helena Cardoso,853.***.***39,26.0,"pátio alexandre teixeira, 243",indaiá,PARANÁ
Luigi Nunes,593.***.***24,26.0,"via clara da rosa, 928",castelo,RORAIMA
Srta. Raquel Da Costa,278.***.***09,26.0,"estação ribeiro, 46",venda nova,AMAZONAS
Sra. Ana Vitória Oliveira,120.***.***17,26.0,"sítio de cavalcanti, 97",juliana,SANTA CATARINA
Luiza Campos,974.***.***03,26.0,"condomínio de rodrigues, 52",conjunto providencia,TOCANTINS
Lucca Da Paz,526.***.***95,26.0,"rodovia vieira, 63",conjunto taquaril,TOCANTINS
Nathan Da Rosa,907.***.***25,26.0,"recanto de da conceição, 1",paraíso,CEARÁ
Lívia Silveira,804.***.***85,26.0,"setor de azevedo, 375",castanheira,MATO GROSSO DO SUL
Isabel Cavalcanti,492.***.***04,26.0,"ladeira pietra cunha, 13",vista alegre,PARÁ
Rafael Nunes,285.***.***76,26.0,"vereda davi lucca barbosa, 35",estrela do oriente,GOIÁS
Elisa Fogaça,572.***.***92,26.0,"rodovia ana júlia araújo, 68",vila real 2ª seção,MARANHÃO
Agatha Ramos,948.***.***85,26.0,"distrito de barros, 41",suzana,RORAIMA
Kamilly Rocha,946.***.***48,26.0,"feira campos, 17",cruzeiro,CEARÁ
Antônio Das Neves,435.***.***82,26.0,"avenida vitor hugo cardoso, 34",vila são rafael,RIO GRANDE DO SUL
Luiz Gustavo Alves,198.***.***10,26.0,"rodovia de souza, 63",vila nova dos milionarios,RIO GRANDE DO SUL
Emanuella Fernandes,097.***.***96,26.0,"residencial ian da paz, 6",padre eustáquio,RONDÔNIA
Srta. Ana Beatriz Farias,431.***.***39,26.0,"ladeira de da paz, 98",jardim dos comerciarios,ACRE
Yago Monteiro,865.***.***00,26.0,"ladeira pereira, 21",buraco quente,MARANHÃO
Yasmin Gonçalves,017.***.***14,26.0,"área barros, 46",salgado filho,PARANÁ
Bruna Nascimento,132.***.***52,26.0,"vereda luiz felipe costa, 70",minaslandia,RORAIMA
Davi Luiz Nogueira,873.***.***50,26.0,"vila sales, 97",paquetá,PERNAMBUCO
Ian Monteiro,324.***.***91,26.0,"favela alana ribeiro, 318",casa branca,CEARÁ
Srta. Helena Silva,905.***.***01,26.0,"parque freitas, 82",ouro minas,TOCANTINS
Bárbara Novaes,038.***.***15,26.0,"trecho bryan da cunha, 1",betânia,AMAZONAS
Sr. Pedro Lucas Costela,534.***.***00,26.0,esplanada moreira,pindura saia,MINAS GERAIS
Rafael Jesus,673.***.***80,26.0,"campo de barros, 16",silveira,CEARÁ
Sra. Alícia Caldeira,051.***.***70,26.0,"distrito esther campos, 264",apolonia,TOCANTINS
Danilo Martins,760.***.***39,26.0,"largo pires, 78",bacurau,PIAUÍ
Sr. Gabriel Da Rosa,530.***.***53,26.0,campo isabelly freitas,novo santa cecilia,ACRE
Augusto Teixeira,412.***.***16,26.0,favela maria novaes,savassi,RIO GRANDE DO SUL
Ana Julia Da Rosa,630.***.***65,26.0,"trevo moraes, 5",cônego pinheiro 1ª seção,RIO GRANDE DO SUL
Lucca Barbosa,836.***.***77,26.0,"rua mendes, 337",penha,MINAS GERAIS
Amanda Da Costa,268.***.***29,26.0,"lagoa cardoso, 1",ambrosina,MATO GROSSO
Dr. Francisco Cardoso,430.***.***50,26.0,"lago maitê campos, 31",braúnas,PARANÁ
Lorena Farias,268.***.***82,26.0,"residencial barbosa, 44",zilah sposito,RIO GRANDE DO SUL
Anthony Da Costa,935.***.***97,26.0,"recanto de rocha, 68",conjunto califórnia i,SANTA CATARINA
Cauã Rodrigues,107.***.***87,26.0,"vale gustavo henrique alves, 50",vila madre gertrudes 4ª seção,MATO GROSSO DO SUL
Anthony Barbosa,631.***.***00,26.0,vila farias,vila satélite,ALAGOAS
Ana Julia Almeida,179.***.***09,26.0,"fazenda de porto, 3",senhor dos passos,MATO GROSSO
Milena Barros,314.***.***51,26.0,"setor miguel pires, 3",ermelinda,RIO GRANDE DO NORTE
Murilo Gomes,759.***.***93,26.0,morro de castro,vila pilar,CEARÁ
Daniel Barbosa,812.***.***98,26.0,"praça ferreira, 764",vila sumaré,DISTRITO FEDERAL
Dr. Samuel Cardoso,039.***.***96,26.0,"vereda cauê novaes, 14",conjunto califórnia ii,DISTRITO FEDERAL
Ana Laura Sales,863.***.***22,26.0,"fazenda de pinto, 42",são jorge 1ª seção,RONDÔNIA
Mariana Cunha,492.***.***25,26.0,"loteamento luiz felipe teixeira, 87",novo ouro preto,RORAIMA
Sr. João Guilherme Cavalcanti,347.***.***70,26.0,"quadra emanuella da conceição, 29",cruzeiro,RIO GRANDE DO NORTE
Kamilly Rocha,365.***.***10,26.0,"rodovia danilo costa, 17",alta tensão 2ª seção,PIAUÍ
Gabriel Nunes,940.***.***04,26.0,vila stephany lima,vista do sol,AMAZONAS
Rafael Correia,579.***.***05,26.0,"morro de cardoso, 47",marçola,PIAUÍ
Ana Lívia Barbosa,925.***.***60,26.0,lagoa sarah azevedo,monsenhor messias,PARÁ
Maitê Teixeira,694.***.***39,26.0,"loteamento oliveira, 29",camponesa 1ª seção,RIO GRANDE DO SUL
Carlos Eduardo Santos,937.***.***37,26.0,"largo nascimento, 97",delta,RONDÔNIA
Enzo Gabriel Araújo,349.***.***96,26.0,Endereço inválido,Desconhecido,RIO GRANDE DO SUL
Breno Moreira,184.***.***49,26.0,"aeroporto de das neves, 7",vila sumaré,PARANÁ
Julia Lopes,106.***.***31,26.0,"conjunto de cardoso, 5",vila minaslandia,RORAIMA
André Lima,645.***.***70,26.0,viaduto cardoso,belmonte,ALAGOAS
João Gabriel Barbosa,190.***.***67,26.0,fazenda de barros,boa esperança,AMAPÁ
,438.***.***56,26.0,colônia maria vitória moura,aarão reis,CEARÁ
João Felipe Oliveira,830.***.***00,26.0,avenida de cardoso,madre gertrudes,DISTRITO FEDERAL
Samuel Vieira,218.***.***53,26.0,"lagoa leandro caldeira, 1",chácara leonina,RORAIMA
Lucca Ferreira,237.***.***19,26.0,"esplanada de das neves, 5",andiroba,PERNAMBUCO
Samuel Castro,582.***.***70,26.0,"praia eloah da mata, 95",cachoeirinha,AMAZONAS
Maria Vitória Teixeira,426.***.***25,26.0,"praia carvalho, 7",vila nova,MATO GROSSO DO SUL
Maria Fernanda Farias,907.***.***20,26.0,"área de correia, 44",chácara leonina,RIO GRANDE DO NORTE
Fernanda Sales,879.***.***32,26.0,"vale lorenzo almeida, 80",vila mantiqueira,RIO GRANDE DO SUL
Srta. Eduarda Nogueira,602.***.***07,26.0,chácara isadora das neves,vila da amizade,RONDÔNIA
Maitê Ferreira,016.***.***99,26.0,estação cunha,calafate,SANTA CATARINA
Catarina Pires,079.***.***11,26.0,"loteamento de lima, 1",vila primeiro de maio,MATO GROSSO DO SUL
Manuela Da Rocha,839.***.***57,26.0,"alameda de gonçalves, 79",saudade,PARAÍBA
Nina Moura,604.***.***25,26.0,"quadra bernardo ferreira, 85",marieta 1ª seção,ACRE
Pedro Henrique Vieira,526.***.***03,26.0,"rodovia alícia dias, 58",vila boa vista,PARANÁ
Ana Clara Cunha,862.***.***02,26.0,"rua de cavalcanti, 8",vila da paz,ESPÍRITO SANTO
Pietra Santos,508.***.***67,26.0,"esplanada de silva, 1",vila puc,SANTA CATARINA
Sr. Theo Da Conceição,284.***.***14,26.0,"viaduto de freitas, 12",centro,SÃO PAULO
Vinicius Da Costa,023.***.***16,26.0,"recanto valentina pinto, 52",satelite,SÃO PAULO
Pedro Henrique Cunha,519.***.***93,26.0,"passarela de santos, 501",vila atila de paiva,PARÁ
Davi Nogueira,564.***.***11,26.0,"morro lucca da rocha, 40",bandeirantes,TOCANTINS
Luiz Fernando Da Paz,409.***.***11,26.0,"praça de da paz, 5",conjunto jardim filadélfia,MATO GROSSO
Srta. Letícia Rocha,137.***.***32,26.0,"fazenda joão felipe souza, 78",nova pampulha,SERGIPE
João Nogueira,367.***.***10,26.0,"rodovia cauê monteiro, 50",heliopolis,RIO GRANDE DO NORTE
João Gabriel Cardoso,962.***.***34,26.0,"área de ferreira, 20",vila independencia 2ª seção,MINAS GERAIS
Ryan Ribeiro,409.***.***48,26.0,"núcleo almeida, 41",vila são paulo,ALAGOAS
Olivia Das Neves,314.***.***55,26.0,"lagoa de vieira, 25",paquetá,RORAIMA
Sr. Luiz Miguel Pinto,942.***.***76,26.0,"conjunto da luz, 6",chácara leonina,SÃO PAULO
Elisa Teixeira,217.***.***73,26.0,"ladeira de rodrigues, 58",vila são francisco,RONDÔNIA
Pedro Miguel Das Neves,523.***.***03,26.0,"jardim de nascimento, 7",engenho nogueira,RIO DE JANEIRO
Maria Luiza Azevedo,064.***.***47,26.0,"quadra de da cruz, 42",vila jardim montanhes,SERGIPE
Lorenzo Silva,642.***.***13,26.0,"conjunto de da cruz, 1",mariano de abreu,AMAZONAS
Bianca Souza,673.***.***40,26.0,"colônia francisco campos, 7",vila betânia,BAHIA
Vitor Azevedo,643.***.***20,26.0,largo de barbosa,vila nova gameleira 1ª seção,RORAIMA
Enzo Gabriel Lima,187.***.***94,26.0,aeroporto rezende,santo antônio,SANTA CATARINA
Eduarda Cunha,093.***.***32,26.0,"campo de pinto, 72",santana do cafezal,SÃO PAULO
Sra. Nicole Da Rocha,367.***.***03,26.0,"setor de ferreira, 742",vila antena,AMAZONAS
Ana Clara Santos,430.***.***04,26.0,"ladeira de sales, 15",vila são francisco,PARAÍBA
Enzo Gabriel Castro,694.***.***65,26.0,ladeira de teixeira,são geraldo,PIAUÍ
Nicole Ferreira,701.***.***22,26.0,"aeroporto duarte, 9",funcionários,AMAZONAS
Erick Sales,498.***.***48,26.0,"trecho de martins, 51",vila santa monica 1ª seção,CEARÁ
Anthony Barros,742.***.***07,26.0,"vila alexia viana, 87",jardim alvorada,RORAIMA
Renan Da Rocha,986.***.***10,26.0,"morro melo, 463",grajaú,TOCANTINS
Marcela Santos,843.***.***42,26.0,"residencial de aragão, 65",planalto,GOIÁS
Carolina Melo,970.***.***05,26.0,"vereda kamilly da rosa, 80",são geraldo,AMAPÁ
Lavínia Rezende,946.***.***70,26.0,"morro davi luiz correia, 38",vila são paulo,RONDÔNIA
Srta. Julia Porto,502.***.***61,26.0,"distrito ana laura aragão, 90",jardim do vale,AMAZONAS
Alana Cardoso,572.***.***41,26.0,"favela gonçalves, 32",cônego pinheiro 1ª seção,RIO GRANDE DO NORTE
Davi Lucas Cardoso,805.***.***83,26.0,"viela da paz, 92",serra,SÃO PAULO
Raul Santos,315.***.***03,26.0,"loteamento emanuelly sales, 135",leticia,ALAGOAS
Igor Melo,261.***.***17,26.0,"favela oliveira, 67",vila copacabana,TOCANTINS
Joaquim Da Costa,274.***.***56,26.0,"condomínio campos, 38",dom bosco,AMAPÁ
João Felipe Farias,936.***.***01,26.0,"estação milena silva, 549",bairro das indústrias ii,MATO GROSSO
Manuela Almeida,647.***.***30,26.0,"feira alice ramos, 3",são joão batista,ACRE
Ryan Rocha,248.***.***51,26.0,"passarela nogueira, 8",castelo,Desconhecido
Luna Da Conceição,935.***.***91,26.0,"campo campos, 82",são pedro,MATO GROSSO DO SUL
Manuela Silva,591.***.***73,26.0,"jardim beatriz farias, 11",acaba mundo,BAHIA
Maria Vitória Das Neves,761.***.***34,26.0,lagoa cavalcanti,savassi,MINAS GERAIS
Marcela Cunha,904.***.***32,26.0,"rua sales, 4",universo,PERNAMBUCO
Bryan Souza,593.***.***00,26.0,"viaduto thales costela, 23",mala e cuia,MARANHÃO
Kevin Cavalcanti,658.***.***01,26.0,"distrito maria moraes, 9",vila paris,SERGIPE
Sr. João Gabriel Martins,794.***.***85,26.0,"esplanada de moura, 95",boa viagem,MATO GROSSO
Gabriela Da Mata,746.***.***90,26.0,"viaduto de peixoto, 16",inconfidência,RORAIMA
Srta. Júlia Fernandes,650.***.***98,26.0,"condomínio leandro da mota, 20",jatobá,DISTRITO FEDERAL
Bárbara Silveira,386.***.***04,26.0,trevo carvalho,vila paraíso,RIO DE JANEIRO
Vinicius Jesus,549.***.***91,26.0,morro de duarte,pindorama,MINAS GERAIS
Srta. Alice Pires,536.***.***56,26.0,"praia ana carolina correia, 11",santa sofia,CEARÁ
Lara Ferreira,698.***.***75,26.0,"rodovia de fogaça, 96",lajedo,DISTRITO FEDERAL
Felipe Freitas,863.***.***01,26.0,"rua duarte, 85",vila real 1ª seção,DISTRITO FEDERAL
Maysa Pires,852.***.***11,26.0,"sítio mariana almeida, 86",carlos prates,BAHIA
Letícia Da Mata,308.***.***31,26.0,"aeroporto da paz, 54",vila são dimas,RIO DE JANEIRO
Luigi Cunha,623.***.***34,26.0,"praia nascimento, 541",senhor dos passos,Desconhecido
Lucas Gabriel Gomes,120.***.***40,26.0,"distrito de cardoso, 24",flamengo,PERNAMBUCO
Emanuelly Costela,152.***.***97,26.0,"vale de vieira, 67",suzana,RORAIMA
Calebe Nascimento,631.***.***87,26.0,"trecho brenda ferreira, 25",lagoinha,BAHIA
Juan Pires,139.***.***46,26.0,"avenida de santos, 89",são pedro,GOIÁS
Lívia Costa,582.***.***50,26.0,"loteamento oliveira, 12",vila da ária,RIO GRANDE DO NORTE
Davi Lucas Nunes,679.***.***03,26.0,"vila viana, 68",nova cintra,PIAUÍ
Dr. Lucca Oliveira,806.***.***75,26.0,"passarela jesus, 34",vila jardim montanhes,RIO DE JANEIRO
Eduardo Monteiro,037.***.***65,26.0,viaduto caldeira,vila nova paraíso,CEARÁ
Diogo Moraes,571.***.***52,26.0,"sítio aragão, 73",aguas claras,MARANHÃO
Felipe Freitas,657.***.***57,26.0,área gabriela nascimento,ermelinda,GOIÁS
Ryan Peixoto,830.***.***98,26.0,"estrada agatha correia, 79",xodo-marize,PARÁ
Otávio Pires,526.***.***01,26.0,"pátio ribeiro, 33",vila oeste,RONDÔNIA
Thiago Moreira,023.***.***03,26.0,"residencial rebeca da paz, 43",santa inês,RIO GRANDE DO SUL
Pietro Lopes,428.***.***19,26.0,"aeroporto moura, 81",salgado filho,PARAÍBA
Gabriela Gomes,317.***.***50,26.0,"parque mariane araújo, 1",flamengo,PIAUÍ
João Miguel Viana,183.***.***77,26.0,"estrada de carvalho, 309",funcionários,Desconhecido
Sr. Luiz Henrique Nunes,031.***.***77,26.0,"via da cunha, 11",sport club,TOCANTINS
Srta. Ana Sophia Viana,937.***.***68,26.0,"rodovia agatha cavalcanti, 27",santo antônio,PARÁ
Sr. Marcelo Aragão,418.***.***40,26.0,praça raul pires,maria virgínia,PIAUÍ
Enzo Gabriel Da Mota,018.***.***24,26.0,vila farias,braúnas,MINAS GERAIS
Benjamin Da Rosa,195.***.***86,26.0,"núcleo maria luiza novaes, 100",xangri-lá,PARANÁ
Ana Rezende,316.***.***64,26.0,"esplanada de da cruz, 73",eymard,RIO GRANDE DO NORTE
Dr. Thomas Dias,267.***.***03,26.0,"jardim ana carolina da mota, 6",vila petropolis,PARAÍBA
Breno Ribeiro,803.***.***78,26.0,"vereda de costela, 27",vila de sá,MATO GROSSO
Lucas Gabriel Novaes,856.***.***11,26.0,"trevo manuela jesus, 927",ipe,CEARÁ
Vicente Rodrigues,328.***.***79,26.0,"chácara cardoso, 14",vila aeroporto,RONDÔNIA
João Lucas Vieira,985.***.***05,26.0,"praça de oliveira, 35",conjunto santa maria,MARANHÃO
Dr. Luiz Henrique Freitas,951.***.***88,26.0,"residencial luigi duarte, 6",manacas,PARÁ
Dra. Luiza Da Conceição,189.***.***33,26.0,"núcleo de ferreira, 77",lagoa,CEARÁ
Benjamin Cavalcanti,317.***.***41,26.0,"área de fernandes, 37",vila são dimas,CEARÁ
Murilo Mendes,653.***.***17,26.0,"loteamento porto, 4",vila santo antônio,SERGIPE
Dr. Renan Rezende,609.***.***38,26.0,"área de ribeiro, 688",vila vista alegre,SANTA CATARINA
Maysa Porto,081.***.***84,26.0,"pátio carlos eduardo azevedo, 76",havaí,BAHIA
Pedro Lucas Pereira,873.***.***35,26.0,"quadra almeida, 83",paquetá,SANTA CATARINA
Isadora Nogueira,480.***.***05,26.0,"feira almeida, 72",vila são dimas,RIO DE JANEIRO
Gabriel Ramos,591.***.***05,26.0,"viaduto de freitas, 46",novo glória,MATO GROSSO
Yago Ferreira,531.***.***00,26.0,"ladeira agatha almeida, 27",vila copacabana,ACRE
Samuel Da Mata,521.***.***11,26.0,"residencial cavalcanti, 50",grota,PARANÁ
Sophie Pinto,317.***.***50,26.0,"colônia bryan costela, 404",suzana,SANTA CATARINA
Dr. Rafael Souza,436.***.***07,26.0,"rodovia de moreira, 6",santo agostinho,AMAZONAS
Vitor Hugo Lima,450.***.***80,26.0,"esplanada oliveira, 654",serra,RORAIMA
Dr. Bernardo Da Cruz,230.***.***50,26.0,"rodovia thomas santos, 48",vila suzana segunda seção,BAHIA
Caio Da Cunha,926.***.***00,26.0,"vila milena porto, 70",marieta 1ª seção,PARAÍBA
Stephany Duarte,642.***.***46,26.0,"lagoa rebeca novaes, 77",são jorge 1ª seção,AMAZONAS
Kevin Da Conceição,074.***.***94,26.0,"núcleo sales, 59",novo das industrias,ACRE
Srta. Giovanna Aragão,142.***.***17,26.0,"feira sales, 82",coração eucarístico,PARAÍBA
Pedro Henrique Pinto,653.***.***37,26.0,"colônia de azevedo, 22",centro,MATO GROSSO DO SUL
Joaquim Da Cruz,532.***.***41,26.0,alameda fernandes,são salvador,RONDÔNIA
Leandro Souza,560.***.***86,26.0,"estrada de castro, 671",trevo,RIO GRANDE DO NORTE
Beatriz Aragão,805.***.***04,26.0,"trecho calebe ferreira, 902",funcionários,ACRE
Carlos Eduardo Teixeira,546.***.***98,26.0,"chácara joão gabriel correia, 983",vila batik,DISTRITO FEDERAL
Joana Da Rocha,915.***.***33,26.0,"lago maria cecília dias, 93",marçola,CEARÁ
Lucas Gabriel Da Luz,203.***.***70,26.0,via de santos,delta,RIO DE JANEIRO
Davi Lucas Da Costa,502.***.***52,26.0,"viela mariana ferreira, 867",cidade jardim taquaril,SÃO PAULO
Henrique Da Rocha,713.***.***44,26.0,"via caio carvalho, 11",inconfidência,PARAÍBA
Lorena Fernandes,574.***.***93,26.0,residencial joão guilherme campos,vila paraíso,PARANÁ
Nathan Nogueira,837.***.***56,26.0,"vereda jesus, 420",monsenhor messias,AMAZONAS
Srta. Maysa Rezende,726.***.***55,26.0,"setor de da mata, 49",zilah sposito,PARÁ
Erick Santos,680.***.***67,26.0,"rua lavínia da rosa, 9",pedreira padro lopes,RIO GRANDE DO SUL
Agatha Sales,983.***.***30,26.0,"setor de santos, 49",itatiaia,BAHIA
Ana Beatriz Moreira,637.***.***66,26.0,"parque thomas nogueira, 74",outro,ALAGOAS
Antônio Da Rocha,943.***.***23,26.0,"viela de mendes, 45",jardim leblon,MARANHÃO
Dra. Vitória Viana,813.***.***24,26.0,"loteamento barbosa, 28",vila madre gertrudes 2ª seção,MARANHÃO
Enzo Monteiro,534.***.***04,26.0,"trevo barros, 87",chácara leonina,MATO GROSSO
Bernardo Santos,045.***.***29,26.0,"lagoa isabella viana, 20",zilah sposito,PARANÁ
Guilherme Cunha,237.***.***02,26.0,"fazenda rezende, 619",vila da paz,RONDÔNIA
Raul Rodrigues,193.***.***33,26.0,praça souza,santa inês,MATO GROSSO DO SUL
Pietra Lima,591.***.***39,26.0,"praça almeida, 81",são bento,PERNAMBUCO
Camila Barbosa,560.***.***59,26.0,"vila martins, 7",casa branca,BAHIA
Kaique Almeida,078.***.***02,26.0,"passarela de pires, 6",olhos d'água,ACRE
Antônio Porto,015.***.***60,26.0,"aeroporto lavínia porto, 29",barreiro,MINAS GERAIS
Alana Rezende,216.***.***60,26.0,"parque de aragão, 76",cachoeirinha,SANTA CATARINA
Vitor Almeida,134.***.***00,26.0,"vale ramos, 60",vila santo antônio,RIO GRANDE DO NORTE
Isabelly Da Mota,709.***.***48,26.0,loteamento nascimento,engenho nogueira,AMAZONAS
Isis Oliveira,893.***.***87,26.0,"esplanada joão guilherme barbosa, 39",barão homem de melo 2ª seção,PIAUÍ
Carolina Gomes,845.***.***28,26.0,parque nascimento,vila minaslandia,RIO GRANDE DO SUL
Srta. Natália Rodrigues,548.***.***88,26.0,"largo alves, 654",vera cruz,TOCANTINS
Fernando Ramos,032.***.***38,26.0,"trevo de azevedo, 36",vila barragem santa lúcia,RIO GRANDE DO NORTE
Gabriela Da Cruz,109.***.***77,26.0,"área de barros, 4",vila mangueiras,MARANHÃO
Noah Cavalcanti,273.***.***60,26.0,"setor arthur barros, 58",vera cruz,PARANÁ
Clara Moreira,079.***.***05,26.0,"largo gomes, 85",vila da paz,RORAIMA
Laura Araújo,134.***.***25,26.0,"praia agatha cardoso, 1",lagoinha,PIAUÍ
Dr. Luiz Otávio Sales,472.***.***60,26.0,"via novaes, 81",vila são paulo,MATO GROSSO
Emilly Da Mata,839.***.***83,26.0,"pátio castro, 51",vila trinta e um de março,AMAPÁ
Kevin Rodrigues,086.***.***50,26.0,"campo lima, 42",conjunto califórnia ii,RIO DE JANEIRO
Davi Pereira,209.***.***89,26.0,"esplanada rafael viana, 38",apolonia,MATO GROSSO
Thomas Silva,891.***.***89,26.0,"travessa beatriz fogaça, 47",fernão dias,BAHIA
Ana Lívia Da Cruz,135.***.***84,26.0,"praça correia, 3",canadá,MARANHÃO
Sr. Vicente Silveira,318.***.***57,26.0,"viela maria cecília viana, 44",vila copacabana,CEARÁ
Sophie Caldeira,403.***.***17,26.0,"vila nina moura, 41",vila santo antônio,PIAUÍ
Gabriel Costa,930.***.***34,26.0,"núcleo carvalho, 87",piraja,MATO GROSSO DO SUL
Ana Carolina Costa,680.***.***80,26.0,"rodovia de da luz, 710",saudade,MATO GROSSO
Maitê Fogaça,543.***.***57,26.0,residencial beatriz lopes,ermelinda,RIO DE JANEIRO
Bruna Caldeira,259.***.***03,26.0,"aeroporto de ferreira, 9",senhor dos passos,AMAZONAS
Caroline Moura,593.***.***25,26.0,"chácara da luz, 27",bonfim,PARAÍBA
Sra. Ana Júlia Pires,561.***.***06,26.0,núcleo cardoso,barreiro,BAHIA
Dra. Larissa Fernandes,503.***.***51,26.0,"residencial de ribeiro, 11",vila santa rosa,BAHIA
Rodrigo Da Luz,416.***.***61,26.0,"aeroporto de campos, 63",são gabriel,PARÁ
Carlos Eduardo Barros,730.***.***70,26.0,loteamento de rodrigues,santa cecilia,SERGIPE
Ana Laura Silva,047.***.***66,26.0,"vale pinto, 70",esplanada,RONDÔNIA
Maitê Nogueira,517.***.***06,26.0,"vale costela, 5",parque são josé,GOIÁS
Ana Laura Da Luz,681.***.***90,26.0,"jardim de barros, 111",caiçara - adelaide,GOIÁS
Sra. Brenda Viana,154.***.***01,26.0,"pátio da rocha, 793",vila rica,ALAGOAS
Augusto Teixeira,360.***.***47,26.0,"setor samuel porto, 99",bairro das indústrias ii,RIO DE JANEIRO
Dr. Francisco Lima,318.***.***70,26.0,"via diego lima, 60",distrito industrial do jatoba,RORAIMA
Isaac Da Luz,293.***.***83,26.0,"área joão lucas lima, 997",são benedito,PERNAMBUCO
Calebe Jesus,068.***.***00,26.0,"praia vitor gabriel cunha, 89",concórdia,PARÁ
Kevin Melo,786.***.***22,26.0,viaduto juliana nogueira,trevo,BAHIA
Pedro Miguel Peixoto,079.***.***68,26.0,"passarela moura, 85",vila rica,SERGIPE
Gabrielly Almeida,498.***.***00,26.0,"condomínio de sales, 62",são bernardo,SERGIPE
Murilo Correia,197.***.***93,26.0,"estação de ribeiro, 893",zilah sposito,BAHIA
Matheus Dias,156.***.***53,26.0,Endereço inválido,Desconhecido,RIO DE JANEIRO
Stella Cardoso,798.***.***39,26.0,"estrada ana ramos, 10",novo tupi,PARANÁ
Marcela Barbosa,509.***.***66,26.0,"estação de azevedo, 639",vila antena montanhês,SANTA CATARINA
Ana Carolina Pires,612.***.***06,26.0,"viaduto eduarda pinto, 76",pousada santo antonio,GOIÁS
Helena Aragão,791.***.***23,26.0,morro lavínia almeida,esperança,ALAGOAS
João Gabriel Oliveira,496.***.***09,26.0,"travessa oliveira, 28",minas brasil,PARÁ
Maria Cecília Vieira,491.***.***64,26.0,"conjunto de souza, 842",petropolis,PARANÁ
Lorena Rodrigues,461.***.***90,26.0,"quadra de fogaça, 57",vila nova gameleira 3ª seção,AMAZONAS
Nicolas Cunha,873.***.***53,26.0,"estrada de carvalho, 52",conjunto jardim filadélfia,ALAGOAS
Vitor Hugo Ramos,485.***.***06,26.0,"travessa melo, 5",biquinhas,MATO GROSSO
Luigi Aragão,704.***.***74,26.0,"largo de rodrigues, 19",campo alegre,MATO GROSSO DO SUL
Maria Julia Barros,123.***.***77,26.0,área nogueira,solimoes,PIAUÍ
Luiz Gustavo Silveira,178.***.***03,26.0,estação mendes,colégio batista,CEARÁ
Ana Júlia Fernandes,795.***.***76,26.0,"passarela de carvalho, 69",coração de jesus,ACRE
Luiz Miguel Novaes,754.***.***28,26.0,"morro de nascimento, 17",coqueiros,MARANHÃO
Gabriel Santos,142.***.***30,26.0,"largo viana, 3",vila fumec,ACRE
Srta. Sophie Vieira,624.***.***17,26.0,"loteamento de viana, 65",conjunto novo dom bosco,PARAÍBA
Júlia Cardoso,482.***.***02,26.0,"feira gustavo nascimento, 911",vila calafate,ESPÍRITO SANTO
Dra. Gabriela Jesus,846.***.***40,26.0,vereda cunha,jardim do vale,RIO GRANDE DO SUL
Dr. João Gabriel Correia,038.***.***08,26.0,"aeroporto augusto das neves, 847",maria helena,MINAS GERAIS
Luiz Gustavo Jesus,625.***.***02,26.0,"feira fogaça, 914",vila dos anjos,ESPÍRITO SANTO
Rodrigo Ferreira,527.***.***49,26.0,"estação moraes, 13",carmo,DISTRITO FEDERAL
Alícia Ribeiro,514.***.***94,26.0,"feira maria julia costela, 21",mariano de abreu,TOCANTINS
Sr. André Da Mata,169.***.***15,26.0,"loteamento de lima, 16",conjunto providencia,RIO DE JANEIRO
Srta. Maria Julia Campos,245.***.***55,26.0,"rodovia pires, 57",vila de sá,BAHIA
João Gabriel Ferreira,018.***.***03,26.0,pátio carvalho,vila primeiro de maio,MARANHÃO
Thomas Moraes,291.***.***05,26.0,"parque melo, 462",vila cloris,PERNAMBUCO
Clara Melo,860.***.***57,26.0,"alameda vitor gabriel lopes, 52",pedreira padro lopes,AMAZONAS
Luigi Cavalcanti,078.***.***50,26.0,"campo de campos, 83",vila tirol,RIO GRANDE DO SUL
Dra. Stella Da Costa,340.***.***51,26.0,"passarela oliveira, 48",santa monica,SANTA CATARINA
Isabella Da Paz,289.***.***65,26.0,"via letícia nunes, 280",monsenhor messias,MARANHÃO
Enzo Da Rocha,874.***.***13,26.0,"travessa ribeiro, 92",pindorama,SERGIPE
Olivia Fernandes,016.***.***48,26.0,"conjunto eduardo da paz, 2",dom joaquim,PARÁ
André Da Mata,648.***.***08,26.0,"feira clara lima, 5",vila independencia 3ª seção,PERNAMBUCO
Pedro Henrique Cavalcanti,938.***.***86,26.0,"núcleo de rocha, 9",sport club,PARAÍBA
Joaquim Silveira,671.***.***12,26.0,"vila de freitas, 80",santo antônio,CEARÁ
Mirella Rodrigues,216.***.***94,26.0,"fazenda de lima, 95",vila das oliveiras,ESPÍRITO SANTO
Sra. Isabelly Azevedo,087.***.***76,26.0,"ladeira caldeira, 5",vila paris,MATO GROSSO
Dr. Samuel Ferreira,720.***.***87,26.0,"travessa ana lívia da mata, 63",madri,RIO DE JANEIRO
Otávio Carvalho,643.***.***90,26.0,"residencial costa, 9",cidade jardim taquaril,DISTRITO FEDERAL
Dra. Stephany Da Mota,154.***.***51,26.0,"colônia monteiro, 49",europa,SÃO PAULO
Cauê Mendes,152.***.***44,26.0,"lagoa das neves, 36",marçola,ACRE
Alexandre Nunes,496.***.***33,26.0,"esplanada souza, 437",álvaro camargos,RIO GRANDE DO SUL
Maria Fernanda Aragão,372.***.***53,26.0,"favela de carvalho, 28",confisco,ALAGOAS
João Guilherme Silva,820.***.***30,26.0,"praça caroline almeida, 19",conjunto bonsucesso,RONDÔNIA
Lorena Rezende,753.***.***95,26.0,"lagoa de fogaça, 92",pantanal,RONDÔNIA
Maria Sophia Da Cruz,690.***.***34,26.0,"vale ana julia porto, 19",alto barroca,ESPÍRITO SANTO
Milena Das Neves,685.***.***89,26.0,"residencial de cunha, 20",santana do cafezal,RIO GRANDE DO SUL
Kamilly Da Cunha,520.***.***80,26.0,"travessa lucca carvalho, 38",aeroporto,RORAIMA
Luiz Miguel Aragão,937.***.***12,26.0,aeroporto ana clara oliveira,indaiá,GOIÁS
Ana Laura Ribeiro,754.***.***47,26.0,"praia de da mata, 18",são jorge 3ª seção,SÃO PAULO
Lorena Da Mota,162.***.***90,26.0,"favela de azevedo, 62",lindéia,RIO GRANDE DO SUL
Emanuella Souza,617.***.***07,26.0,"loteamento ferreira, 493",lagoa,PARAÍBA
Cecília Pinto,498.***.***30,26.0,"campo vinicius campos, 2",conjunto são francisco de assis,SANTA CATARINA
Pedro Henrique Cunha,584.***.***00,26.0,"condomínio bruna mendes, 55",pongelupe,AMAPÁ
Sra. Eloah Da Mota,901.***.***03,26.0,"loteamento freitas, 30",primeiro de maio,ACRE
Samuel Da Rocha,159.***.***97,26.0,"trecho de freitas, 8",vila piratininga venda nova,SERGIPE
Melissa Almeida,705.***.***92,26.0,"alameda de da rosa, 2",são salvador,MATO GROSSO DO SUL
Carlos Eduardo Da Mota,894.***.***20,26.0,"largo juliana barbosa, 182",concórdia,MATO GROSSO DO SUL
Dr. Vitor Da Mota,789.***.***28,26.0,viela de da paz,minaslandia,AMAZONAS
Dr. Diogo Costela,962.***.***73,26.0,"passarela joão lucas nogueira, 753",são pedro,RIO DE JANEIRO
Rafaela Rodrigues,578.***.***60,26.0,"campo vinicius silva, 27",lagoinha,AMAPÁ
Vitor Hugo Da Conceição,716.***.***55,26.0,"viaduto de castro, 65",jardim vitoria,TOCANTINS
Ana Laura Caldeira,518.***.***73,26.0,"estrada de rocha, 305",lourdes,ALAGOAS
Dra. Laura Silveira,472.***.***49,26.0,"pátio lopes, 1",varzea da palma,PIAUÍ
Sr. Rafael Pereira,492.***.***79,26.0,"recanto gustavo pereira, 77",santo antônio,TOCANTINS
Manuela Mendes,518.***.***60,26.0,"largo kevin barbosa, 2",vila da ária,PARÁ
Igor Lopes,073.***.***22,26.0,recanto azevedo,vila cloris,SANTA CATARINA
Marcelo Moreira,346.***.***87,26.0,"trecho igor barros, 77",mariano de abreu,PERNAMBUCO
Thomas Costela,428.***.***22,26.0,alameda de pinto,pousada santo antonio,MINAS GERAIS
Luiz Otávio Gonçalves,637.***.***90,26.0,"trevo rezende, 51",bela vitoria,PARAÍBA
Stella Da Costa,063.***.***07,26.0,"estação de freitas, 32",corumbiara,CEARÁ
Luana Da Cruz,083.***.***86,26.0,distrito rocha,luxemburgo,MARANHÃO
Maria Cecília Lima,132.***.***89,26.0,"recanto silveira, 47",olhos d'água,RONDÔNIA
Melissa Teixeira,642.***.***78,26.0,"residencial de pires, 28",laranjeiras,SANTA CATARINA
Dr. Vinicius Pires,163.***.***10,26.0,"distrito de lopes, 397",alto dos pinheiros,SÃO PAULO
Luiz Miguel Farias,962.***.***00,26.0,"feira cardoso, 21",conjunto minas caixa,ALAGOAS
Breno Correia,148.***.***67,26.0,"conjunto daniel fernandes, 403",garças,MATO GROSSO DO SUL
Laís Costela,306.***.***53,26.0,"parque maitê santos, 42",boa viagem,SÃO PAULO
Dr. Diego Da Mata,293.***.***41,26.0,"quadra de da mota, 62",alto caiçaras,SÃO PAULO
Letícia Da Mota,852.***.***02,26.0,"viaduto jesus, 11",conjunto jatoba,RONDÔNIA
Luna Ferreira,843.***.***14,26.0,"alameda anthony fogaça, 11",mantiqueira,AMAPÁ
Dr. Emanuel Silveira,430.***.***80,26.0,"quadra de fogaça, 28",pantanal,PIAUÍ
Lorena Sales,263.***.***15,26.0,fazenda caldeira,satelite,MARANHÃO
Davi Da Mata,846.***.***39,26.0,vila alves,jardim atlântico,DISTRITO FEDERAL
Isabel Melo,748.***.***09,26.0,"feira enrico nogueira, 1",itaipu,MATO GROSSO
Raul Oliveira,298.***.***64,26.0,"rua pedro miguel da luz, 95",nossa senhora do rosário,AMAZONAS
Levi Da Mata,192.***.***32,26.0,vila de da mata,cônego pinheiro 2ª seção,PARÁ
Heloísa Castro,587.***.***44,26.0,"sítio de cardoso, 88",acaiaca,RIO GRANDE DO NORTE
Sra. Júlia Da Paz,046.***.***74,26.0,"jardim maria sophia ferreira, 95",vila nova paraíso,PARÁ
Luana Viana,213.***.***21,26.0,"praça de castro, 980",ernesto nascimento,SERGIPE
Sr. Renan Sales,364.***.***83,26.0,"praça olivia silveira, 49",novo das industrias,ALAGOAS
Caio Aragão,714.***.***62,26.0,"área de barros, 86",boa esperança,BAHIA
Srta. Lavínia Ribeiro,263.***.***51,26.0,"alameda gustavo henrique gonçalves, 50",beija flor,SÃO PAULO
Sofia Da Mata,806.***.***84,26.0,"jardim de lopes, 7",planalto,SANTA CATARINA
André Araújo,819.***.***13,26.0,"alameda de da mota, 94",vila paquetá,ACRE
Nathan Azevedo,285.***.***82,26.0,"lagoa milena ramos, 4",caiçara - adelaide,RORAIMA
Camila Teixeira,982.***.***40,26.0,"setor da cunha, 39",jardim montanhês,PARANÁ
Srta. Clara Souza,510.***.***71,26.0,"área peixoto, 32",flavio de oliveira,SANTA CATARINA
Yuri Nascimento,129.***.***73,26.0,"vereda matheus azevedo, 2",serrano,ESPÍRITO SANTO
Srta. Marcela Gonçalves,148.***.***87,26.0,"praia raul campos, 12",conjunto providencia,PARÁ
João Ramos,936.***.***87,26.0,"jardim enzo da paz, 47",vila ouro minas,RIO GRANDE DO SUL
Renan Rocha,720.***.***92,26.0,"vale oliveira, 22",nova suíça,MARANHÃO
Sr. Caio Souza,453.***.***33,26.0,"conjunto maria vitória da cunha, 59",serra do curral,PARAÍBA
Clarice Farias,743.***.***22,26.0,"alameda maria fernanda castro, 87",maravilha,RORAIMA
Marcos Vinicius Jesus,597.***.***00,26.0,"praça de moraes, 588",nova america,CEARÁ
João Pedro Nunes,910.***.***42,26.0,"jardim de ramos, 69",vila nova gameleira 3ª seção,MATO GROSSO
Levi Farias,659.***.***52,26.0,"quadra mendes, 42",vila pinho,RIO GRANDE DO SUL
Dr. Enzo Da Costa,791.***.***75,26.0,"campo marcela silveira, 66",álvaro camargos,SÃO PAULO
Heloísa Alves,029.***.***79,26.0,"fazenda de moraes, 637",buraco quente,PARAÍBA
Luiz Henrique Da Mota,842.***.***91,26.0,"recanto alves, 105",saudade,RONDÔNIA
Camila Caldeira,903.***.***03,26.0,"lago jesus, 71",frei leopoldo,MATO GROSSO DO SUL
Arthur Mendes,918.***.***05,26.0,esplanada cauã teixeira,jardim américa,RONDÔNIA
João Felipe Campos,362.***.***06,26.0,"praia heitor castro, 6",jardim leblon,MATO GROSSO
Guilherme Azevedo,174.***.***16,26.0,"viela benjamin campos, 1",pompéia,DISTRITO FEDERAL
Dra. Laura Cunha,364.***.***50,26.0,"núcleo castro, 7",maria helena,RORAIMA
Noah Moraes,108.***.***12,26.0,"estrada lucas gabriel caldeira, 856",joão pinheiro,GOIÁS
Davi Lucca Lopes,260.***.***90,26.0,"trecho freitas, 427",alto dos pinheiros,MARANHÃO
Sophia Da Cruz,621.***.***15,26.0,via ribeiro,flavio de oliveira,MATO GROSSO
Igor Da Luz,740.***.***85,26.0,"lago silva, 75",vila oeste,BAHIA
Dr. Samuel Nascimento,692.***.***73,26.0,"travessa duarte, 59",brasil industrial,MATO GROSSO
Maria Fernanda Freitas,968.***.***28,26.0,favela sarah porto,conjunto são francisco de assis,TOCANTINS
Eduarda Costa,206.***.***68,26.0,"morro enzo gabriel teixeira, 84",mirtes,DISTRITO FEDERAL
Lorenzo Monteiro,069.***.***20,26.0,"área da mota, 13",minas caixa,MATO GROSSO DO SUL
Caroline Cardoso,618.***.***17,26.0,"viaduto de moreira, 1",vera cruz,AMAZONAS
Henrique Da Rocha,329.***.***99,26.0,"núcleo luiz gustavo costela, 99",juliana,MINAS GERAIS
Lucas Gabriel Oliveira,743.***.***38,26.0,via araújo,são cristóvão,RIO GRANDE DO SUL
Sr. Arthur Jesus,418.***.***93,26.0,lago de cardoso,santa cecilia,MATO GROSSO
Marcos Vinicius Da Cunha,572.***.***43,26.0,viaduto de cardoso,inconfidência,AMAPÁ
Antônio Nogueira,061.***.***71,26.0,"quadra de da mata, 49",ouro minas,PERNAMBUCO
Sophia Monteiro,601.***.***15,26.0,"núcleo araújo, 155",lindéia,MINAS GERAIS
Dr. Leandro Silva,497.***.***85,26.0,"estação silva, 18",serra,PERNAMBUCO
Amanda Farias,185.***.***08,26.0,"praia lavínia moraes, 29",conjunto jatoba,RIO DE JANEIRO
Srta. Luna Peixoto,912.***.***23,26.0,"fazenda rafaela costela, 37",havaí,AMAPÁ
Sr. Igor Campos,183.***.***62,26.0,"fazenda ferreira, 849",lagoa,TOCANTINS
Maria Sophia Correia,948.***.***75,26.0,"residencial alana dias, 51",vitoria,TOCANTINS
Bruno Da Cruz,293.***.***73,26.0,"rua evelyn da cunha, 2",alta tensão 1ª seção,ESPÍRITO SANTO
Amanda Cavalcanti,351.***.***00,26.0,"fazenda de duarte, 99",são sebastião,RORAIMA
Bruno Melo,721.***.***52,26.0,"trevo de da costa, 7",esplanada,RORAIMA
Dra. Elisa Nunes,875.***.***05,26.0,"vale erick moreira, 48",vila nova cachoeirinha 2ª seção,RIO GRANDE DO NORTE
Calebe Ramos,942.***.***40,26.0,"parque de moraes, 36",gutierrez,RIO GRANDE DO SUL
Sr. Arthur Moraes,306.***.***87,26.0,"passarela lima, 87",jatobá,RORAIMA
Júlia Silveira,913.***.***57,26.0,pátio vitor gabriel rocha,são joão batista,RIO DE JANEIRO
Sra. Isabelly Silva,732.***.***00,26.0,"rodovia agatha lopes, 7",vila são gabriel,PARÁ
Dr. Otávio Azevedo,457.***.***30,26.0,"aeroporto de ferreira, 2",santa helena,PERNAMBUCO
Maria Cecília Aragão,264.***.***49,26.0,"trevo aragão, 535",salgado filho,SÃO PAULO
Noah Da Rosa,742.***.***22,26.0,"avenida ferreira, 7",antonio ribeiro de abreu 1ª seção,PERNAMBUCO
Sra. Laura Azevedo,540.***.***71,26.0,viaduto marcelo ramos,universo,RIO GRANDE DO NORTE
Dr. Francisco Moreira,702.***.***08,26.0,"núcleo silva, 7",jaraguá,RONDÔNIA
Mariane Das Neves,912.***.***05,26.0,"rodovia de freitas, 782",parque são josé,PIAUÍ
Enzo Monteiro,309.***.***56,26.0,"quadra silveira, 76",joão paulo ii,PIAUÍ
Diego Da Rocha,093.***.***83,26.0,"conjunto da rosa, 22",pindura saia,PIAUÍ
Ana Laura Da Cruz,798.***.***49,26.0,parque rodrigues,vila da amizade,ESPÍRITO SANTO
Ana Sophia Gomes,384.***.***46,26.0,"lagoa porto, 44",unidas,PERNAMBUCO
Ana Laura Costa,502.***.***85,26.0,"vila sales, 913",bela vitoria,RIO GRANDE DO SUL
Felipe Souza,187.***.***84,26.0,"setor peixoto, 47",palmeiras,PARÁ
Luana Novaes,287.***.***87,26.0,"parque luiz gustavo da conceição, 34",santa margarida,CEARÁ
Sra. Yasmin Nogueira,360.***.***15,26.0,"lago de rocha, 482",belmonte,GOIÁS
Benício Melo,904.***.***67,26.0,recanto maitê pereira,vila suzana primeira seção,RIO GRANDE DO NORTE
Daniela Aragão,726.***.***53,26.0,"feira otávio pereira, 93",piraja,PARAÍBA
Davi Luiz Sales,740.***.***13,26.0,"trecho joão gabriel pires, 64",nova pampulha,AMAPÁ
Milena Souza,904.***.***70,26.0,"praça de ribeiro, 9",santa inês,BAHIA
Maria Eduarda Ferreira,438.***.***60,26.0,passarela de caldeira,vila sesc,RONDÔNIA
Sr. Diogo Lima,302.***.***00,26.0,estrada danilo monteiro,conjunto califórnia ii,MATO GROSSO
Dr. Carlos Eduardo Araújo,496.***.***47,26.0,"rodovia sophia rodrigues, 88",vila independencia 2ª seção,PARANÁ
Marina Gomes,934.***.***00,26.0,lagoa souza,copacabana,SANTA CATARINA
Gustavo Henrique Duarte,254.***.***60,26.0,"área ana sophia pereira, 32",minas caixa,MINAS GERAIS
Caio Ramos,832.***.***73,26.0,"viaduto de sales, 92",buraco quente,PARAÍBA
Rafael Nunes,462.***.***19,26.0,"núcleo monteiro, 504",são bernardo,MATO GROSSO
Enzo Gabriel Cardoso,726.***.***67,26.0,núcleo ribeiro,vila nova cachoeirinha 1ª seção,SÃO PAULO
Davi Cardoso,065.***.***90,26.0,"praça ana júlia rezende, 38",vila coqueiral,RIO GRANDE DO SUL
Daniel Pires,274.***.***47,26.0,"avenida bruna rodrigues, 724",diamante,PARAÍBA
Brenda Da Mata,532.***.***19,26.0,"pátio rocha, 75",havaí,CEARÁ
Samuel Dias,852.***.***24,26.0,"viaduto enzo gabriel moreira, 72",vila real 2ª seção,RIO GRANDE DO NORTE
Gustavo Henrique Da Costa,917.***.***50,26.0,"residencial ribeiro, 60",flamengo,ALAGOAS
Theo Fogaça,091.***.***05,26.0,"travessa cardoso, 95",alta tensão 1ª seção,ACRE
Sra. Alexia Carvalho,483.***.***71,26.0,quadra lorenzo pires,vila olhos d'água,RONDÔNIA
Juliana Martins,432.***.***56,26.0,campo de souza,vila jardim são josé,BAHIA
Luiz Gustavo Da Rosa,280.***.***97,26.0,"via de da paz, 5",dona clara,PARANÁ
Gabriela Freitas,367.***.***26,26.0,"trevo carvalho, 9",grajaú,RIO GRANDE DO NORTE
Enzo Gabriel Vieira,812.***.***76,26.0,travessa novaes,boa vista,RIO DE JANEIRO
Srta. Luna Nascimento,815.***.***60,26.0,"passarela de nascimento, 916",joão paulo ii,RIO DE JANEIRO
Sophie Da Mata,971.***.***97,26.0,"avenida de almeida, 78",vila atila de paiva,MARANHÃO
Clarice Alves,973.***.***65,26.0,avenida heloísa costa,cabana do pai tomás,MATO GROSSO
Catarina Rodrigues,138.***.***84,26.0,"núcleo farias, 97",lourdes,PARANÁ
Antônio Vieira,017.***.***53,26.0,"favela de lopes, 473",lagoinha leblon,SERGIPE
Dr. Nicolas Da Conceição,105.***.***80,26.0,"quadra mariana costela, 87",grajaú,RORAIMA
Maria Alice Da Costa,290.***.***92,26.0,"rua cardoso, 76",olhos d'água,AMAPÁ
Sr. Lucca Martins,906.***.***70,26.0,"pátio paulo da rosa, 93",belvedere,TOCANTINS
João Pedro Costa,532.***.***41,26.0,feira cardoso,conjunto minas caixa,CEARÁ
Maitê Gonçalves,034.***.***20,26.0,"distrito giovanna rodrigues, 37",marieta 3ª seção,ACRE
Ana Laura Ferreira,326.***.***74,26.0,estrada de ramos,garças,PARANÁ
Sabrina Da Mata,172.***.***02,26.0,"viela de moraes, 56",vila maria,RIO GRANDE DO SUL
Alexandre Das Neves,183.***.***24,26.0,"área de novaes, 52",itapoa,ACRE
Isadora Da Cunha,471.***.***31,26.0,"viaduto freitas, 622",jardim atlântico,MINAS GERAIS
Dr. Luigi Fernandes,834.***.***55,26.0,"distrito thomas pires, 77",bairro das indústrias ii,AMAPÁ
Sr. Yago Cavalcanti,758.***.***05,26.0,estrada melo,vila independencia 3ª seção,AMAPÁ
Carolina Peixoto,396.***.***96,26.0,"loteamento dias, 21",camponesa 1ª seção,AMAZONAS
Ana Lívia Porto,067.***.***44,26.0,"colônia vieira, 6",milionario,MATO GROSSO DO SUL
Henrique Da Mata,896.***.***74,26.0,"aeroporto vinicius rezende, 18",conjunto são francisco de assis,RIO DE JANEIRO
Enrico Aragão,490.***.***75,26.0,"praça almeida, 95",vila novo são lucas,BAHIA
Milena Cavalcanti,523.***.***70,26.0,"trecho kevin castro, 70",são geraldo,TOCANTINS
Davi Lucca Melo,731.***.***14,26.0,"passarela kamilly moreira, 704",cardoso,GOIÁS
Clarice Fernandes,192.***.***73,26.0,"vereda jesus, 7",esplanada,PARÁ
Dr. Luiz Fernando Das Neves,146.***.***37,26.0,"viaduto de martins, 24",vila antena,CEARÁ
Caio Azevedo,428.***.***82,26.0,"largo cardoso, 23",vila nova gameleira 2ª seção,SÃO PAULO
Enrico Novaes,457.***.***38,26.0,"vila heloísa barbosa, 666",conjunto são francisco de assis,PARÁ
Ana Clara Moreira,075.***.***53,26.0,residencial de aragão,andiroba,PIAUÍ
Enrico Ribeiro,965.***.***66,26.0,"loteamento lopes, 2",vila satélite,PARANÁ
Evelyn Aragão,548.***.***07,26.0,"estrada rebeca caldeira, 440",marçola,ESPÍRITO SANTO
Thales Moreira,406.***.***07,26.0,quadra farias,jardim guanabara,RORAIMA
Heitor Mendes,097.***.***61,26.0,lagoa de farias,alta tensão 2ª seção,AMAZONAS
Sarah Nascimento,938.***.***10,26.0,"largo de da costa, 400",vila jardim alvorada,RONDÔNIA
Sra. Yasmin Melo,510.***.***49,26.0,"loteamento almeida, 821",conjunto santa maria,PERNAMBUCO
Sr. Marcelo Costela,895.***.***38,26.0,"chácara clarice da costa, 135",cardoso,PIAUÍ
Maria Cecília Araújo,752.***.***52,26.0,"distrito nathan melo, 3",universitário,MINAS GERAIS
Enzo Gabriel Ribeiro,965.***.***02,26.0,"recanto nunes, 87",vila união,RORAIMA
Miguel Da Rosa,168.***.***03,26.0,"esplanada carvalho, 8",paulo vi,GOIÁS
Maria Vitória Ferreira,914.***.***69,26.0,"lago lima, 6",providencia,CEARÁ
Sr. Vitor Gabriel Gomes,348.***.***60,26.0,"vale costela, 49",jonas veiga,ALAGOAS
Bianca Pinto,541.***.***06,26.0,"lagoa sales, 43",vila santa monica 2ª seção,GOIÁS
Igor Melo,519.***.***39,26.0,viaduto nogueira,grota,SÃO PAULO
Sra. Vitória Carvalho,528.***.***38,26.0,"jardim fernanda moura, 767",cdi jatoba,MATO GROSSO
Sofia Duarte,412.***.***28,26.0,"morro isaac freitas, 543",vila nova cachoeirinha 2ª seção,RIO GRANDE DO NORTE
Brenda Nogueira,160.***.***33,26.0,"pátio de almeida, 4",mala e cuia,AMAZONAS
Rafael Fogaça,569.***.***68,26.0,"setor de da rosa, 401",nova vista,MARANHÃO
Ana Nascimento,295.***.***61,26.0,"chácara de martins, 14",nossa senhora do rosário,AMAPÁ
Dr. Juan Da Rocha,475.***.***80,26.0,"ladeira de da mota, 16",vila jardim leblon,AMAZONAS
Ana Laura Rocha,531.***.***70,26.0,"sítio thomas rodrigues, 41",são damião,PIAUÍ
Maria Alice Da Rocha,906.***.***22,26.0,"travessa de correia, 46",guarani,SÃO PAULO
Elisa Lopes,790.***.***30,26.0,passarela alexandre da cunha,vila coqueiral,MATO GROSSO
Davi Lucca Pereira,597.***.***60,26.0,"jardim de barros, 16",vila califórnia,AMAZONAS
Marina Fogaça,410.***.***20,26.0,"praça luiz henrique correia, 81",guaratã,GOIÁS
Bernardo Ramos,105.***.***98,26.0,"lagoa luiza gonçalves, 979",piratininga,AMAPÁ
Ana Lívia Lopes,971.***.***02,26.0,"parque de barbosa, 57",anchieta,CEARÁ
Miguel Silva,920.***.***00,26.0,"ladeira das neves, 9",nova floresta,RONDÔNIA
Sr. Arthur Da Cruz,693.***.***38,26.0,lago de cavalcanti,vila betânia,SERGIPE
Julia Da Mota,571.***.***20,26.0,"feira nogueira, 68",santo antônio,RIO DE JANEIRO
Agatha Rocha,853.***.***30,26.0,setor de dias,são benedito,ALAGOAS
Isabel Cardoso,608.***.***40,26.0,"campo da mata, 42",morro dos macacos,MATO GROSSO DO SUL
Marcos Vinicius Moura,451.***.***19,26.0,"parque dias, 687",paulo vi,RIO DE JANEIRO
Levi Da Cunha,718.***.***75,26.0,"colônia de viana, 6",pongelupe,ALAGOAS
Cauã Vieira,427.***.***61,26.0,via da mata,bernadete,PIAUÍ
Maria Alice Ferreira,105.***.***80,26.0,"praça de duarte, 194",guarani,AMAPÁ
Dra. Isabelly Souza,725.***.***30,26.0,"campo de moura, 60",primeiro de maio,DISTRITO FEDERAL
Heitor Rezende,174.***.***39,26.0,"área duarte, 628",conjunto lagoa,ACRE
Maria Vitória Jesus,493.***.***70,26.0,"sítio de moura, 13",paraíso,RORAIMA
Emanuel Duarte,762.***.***76,26.0,"rua de fogaça, 71",ouro preto,SANTA CATARINA
Ian Lima,163.***.***66,26.0,"rua de martins, 9",união,RORAIMA
Vitor Alves,687.***.***22,26.0,"esplanada ana laura oliveira, 667",ribeiro de abreu,DISTRITO FEDERAL
Rafael Ramos,946.***.***84,26.0,"esplanada almeida, 4",vila fumec,ALAGOAS
Ryan Da Cunha,412.***.***52,26.0,morro de cardoso,camponesa 2ª seção,SERGIPE
Maria Da Cunha,539.***.***06,26.0,residencial de duarte,vila união,RIO DE JANEIRO
Srta. Milena Cardoso,832.***.***40,26.0,"praça almeida, 71",capitão eduardo,BAHIA
Bryan Ramos,043.***.***89,26.0,"praia costa, 35",jardim leblon,RORAIMA
Luigi Santos,273.***.***52,26.0,"via luigi peixoto, 61",são gabriel,AMAPÁ
Isabella Duarte,023.***.***17,26.0,"estrada diogo da mata, 91",vila nova cachoeirinha 3ª seção,ESPÍRITO SANTO
Sophie Azevedo,214.***.***49,26.0,"rua kaique freitas, 8",universo,AMAZONAS
Matheus Carvalho,592.***.***09,26.0,viela de almeida,união,MINAS GERAIS
Júlia Da Cruz,714.***.***39,26.0,lagoa joão pedro alves,das industrias i,GOIÁS
Vitor Peixoto,489.***.***06,26.0,"trevo de cardoso, 40",vale do jatoba,MATO GROSSO DO SUL
Amanda Castro,305.***.***41,26.0,"favela erick pereira, 672",vila copacabana,RORAIMA
Lucas Lima,240.***.***01,26.0,"vale igor castro, 928",maravilha,BAHIA
Raquel Ramos,052.***.***25,26.0,"vereda de costa, 27",madre gertrudes,RORAIMA
Dra. Rebeca Nascimento,431.***.***37,26.0,"residencial nogueira, 954",vila oeste,TOCANTINS
Theo Da Conceição,846.***.***46,26.0,"fazenda maria ribeiro, 81",vila são paulo,ACRE
Thiago Da Cunha,631.***.***24,26.0,"viela de aragão, 291",união,RONDÔNIA
Davi Lucas Moreira,169.***.***02,26.0,"estrada de da costa, 92",vila do pombal,SERGIPE
Helena Costela,950.***.***68,26.0,"colônia de fogaça, 78",vila aeroporto jaraguá,RORAIMA
Beatriz Peixoto,243.***.***96,26.0,"campo de moura, 904",alto caiçaras,BAHIA
Luigi Fernandes,846.***.***20,26.0,"estação igor cunha, 21",pilar,RORAIMA
Gabrielly Almeida,831.***.***14,26.0,"estrada da conceição, 23",indaiá,PARÁ
Samuel Sales,439.***.***55,26.0,"morro de costela, 73",vila da luz,RONDÔNIA
Dr. Otávio Costa,095.***.***59,26.0,"chácara da conceição, 2",juliana,CEARÁ
Srta. Ana Beatriz Da Mata,429.***.***67,26.0,"feira de martins, 79",vitoria da conquista,ALAGOAS
João Rodrigues,594.***.***76,26.0,"colônia duarte, 56",marmiteiros,PERNAMBUCO
Nathan Farias,521.***.***32,26.0,"travessa joana gonçalves, 44",lajedo,MATO GROSSO
Dr. Rafael Pereira,581.***.***55,26.0,"sítio isis campos, 81",distrito industrial do jatoba,AMAPÁ
Júlia Pereira,871.***.***12,26.0,lagoa santos,petropolis,BAHIA
Dra. Laura Barbosa,031.***.***04,26.0,"ladeira de moura, 84",nova suíça,MINAS GERAIS
Juliana Pinto,385.***.***93,26.0,"rodovia sales, 21",vila canto do sabiá,RIO GRANDE DO SUL
Joana Monteiro,138.***.***39,26.0,"parque de costela, 668",aguas claras,ACRE
Dr. Yago Da Rocha,698.***.***28,26.0,"fazenda cavalcanti, 859",alto barroca,RONDÔNIA
Miguel Nogueira,869.***.***22,26.0,quadra de ferreira,cenaculo,PIAUÍ
Isadora Da Rocha,725.***.***70,26.0,"via igor da mata, 81",laranjeiras,AMAPÁ
Clara Costela,380.***.***50,26.0,"trevo joão pedro araújo, 7",sagrada família,ALAGOAS
Dr. Enzo Gabriel Rocha,473.***.***61,26.0,"condomínio da cunha, 4",unidas,ALAGOAS
Maysa Monteiro,615.***.***44,26.0,"parque henrique teixeira, 32",grotinha,SANTA CATARINA
Maria Alice Da Rosa,710.***.***66,26.0,"vereda silveira, 8",bom jesus,PARAÍBA
Maysa Lopes,196.***.***76,26.0,"avenida de araújo, 28",esplanada,MATO GROSSO
Srta. Yasmin Jesus,586.***.***44,26.0,"fazenda letícia costela, 6",petropolis,PARÁ
Mariana Costela,372.***.***00,26.0,"campo peixoto, 75",independência,RIO GRANDE DO NORTE
Clara Almeida,842.***.***92,26.0,"parque eloah costa, 91",são geraldo,ALAGOAS
Sofia Aragão,687.***.***08,26.0,"rua de santos, 955",ambrosina,MATO GROSSO DO SUL
Elisa Barros,546.***.***20,26.0,"estrada sales, 13",jardim felicidade,ESPÍRITO SANTO
Joana Silva,349.***.***57,26.0,chácara miguel fogaça,laranjeiras,PERNAMBUCO
Lorenzo Porto,812.***.***13,26.0,"avenida de araújo, 1",nossa senhora da aparecida,MINAS GERAIS
Vitória Barbosa,583.***.***77,26.0,"vale de monteiro, 267",marieta 2ª seção,SÃO PAULO
Alícia Da Rosa,035.***.***51,26.0,"trecho luana barros, 338",santa maria,MARANHÃO
Lucas Monteiro,739.***.***75,26.0,"parque enzo almeida, 62",piratininga,ALAGOAS
Rodrigo Caldeira,816.***.***37,26.0,condomínio joana lima,piratininga,BAHIA
Luna Rezende,456.***.***57,26.0,"esplanada matheus da costa, 90",paulo vi,RORAIMA
Diogo Rezende,680.***.***24,26.0,"residencial novaes, 84",vila da amizade,BAHIA
Anthony Da Costa,805.***.***21,26.0,"praia ian da mota, 383",nova cintra,SANTA CATARINA
Maria Cecília Vieira,716.***.***55,26.0,rodovia emanuel da cruz,nova esperança,AMAZONAS
Sra. Maria Julia Novaes,019.***.***01,26.0,"ladeira da cruz, 635",coqueiros,PARAÍBA
João Pedro Peixoto,243.***.***55,26.0,"trecho cavalcanti, 3",acaba mundo,ACRE
Alana Fernandes,198.***.***09,26.0,"estação rocha, 975",marieta 2ª seção,TOCANTINS
Sra. Mirella Rezende,247.***.***50,26.0,"vale de cavalcanti, 98",vila havaí,ACRE
Gabrielly Moreira,608.***.***62,26.0,"lago caldeira, 363",barão homem de melo 1ª seção,MATO GROSSO
Sra. Sofia Souza,605.***.***48,26.0,"vila gomes, 366",serra,GOIÁS
Mariane Melo,735.***.***77,26.0,"rodovia ana beatriz cardoso, 97",etelvina carneiro,SANTA CATARINA
Lorena Souza,048.***.***49,26.0,"vereda sales, 83",ouro minas,AMAPÁ
Fernando Da Mata,280.***.***08,26.0,"ladeira clara da cruz, 37",aparecida 7ª seção,PIAUÍ
Laura Cardoso,821.***.***17,26.0,"setor de costa, 1",nova america,ALAGOAS
Marina Da Cruz,724.***.***26,26.0,"avenida castro, 718",santo agostinho,PIAUÍ
Maria Rocha,163.***.***03,26.0,"recanto isabel da conceição, 6",vila madre gertrudes 4ª seção,MATO GROSSO DO SUL
Pedro Henrique Almeida,318.***.***57,26.0,"núcleo de rodrigues, 95",maria virgínia,AMAPÁ
Dr. Davi Luiz Nunes,604.***.***16,26.0,"setor de barros, 58",vila ouro minas,AMAPÁ
Vitor Gabriel Costela,175.***.***43,26.0,"praia pietra caldeira, 60",túnel de ibirité,MATO GROSSO DO SUL
Dr. Luigi Barbosa,641.***.***39,26.0,"quadra yasmin caldeira, 4",salgado filho,DISTRITO FEDERAL
Rodrigo Azevedo,687.***.***75,26.0,praia de nogueira,califórnia,MINAS GERAIS
Pedro Henrique Cardoso,324.***.***04,26.0,"rua de castro, 65",vila jardim são josé,ESPÍRITO SANTO
Sr. João Cardoso,032.***.***74,26.0,"pátio antônio da mota, 79",maria virgínia,GOIÁS
Maria Julia Nunes,381.***.***35,26.0,setor de ferreira,lorena,MATO GROSSO
Fernanda Duarte,453.***.***15,26.0,"vereda da rocha, 6",bandeirantes,AMAZONAS
Marcos Vinicius Oliveira,280.***.***95,26.0,"parque de azevedo, 8",lagoinha leblon,MATO GROSSO DO SUL
Leandro Aragão,124.***.***32,26.0,"campo gabriela rodrigues, 9",piraja,RONDÔNIA
Maria Alice Vieira,832.***.***44,26.0,"via nogueira, 82",andiroba,ALAGOAS
Ana Luiza Jesus,541.***.***91,26.0,Endereço inválido,Desconhecido,BAHIA
Guilherme Cardoso,197.***.***21,26.0,"trevo nicole da cruz, 7",conjunto providencia,SANTA CATARINA
Luiz Felipe Azevedo,439.***.***52,26.0,"campo erick fernandes, 464",são benedito,RIO GRANDE DO NORTE
Nathan Araújo,813.***.***89,26.0,quadra de martins,nazare,PARANÁ
Clara Ferreira,467.***.***28,26.0,"fazenda de ferreira, 76",conjunto paulo vi,GOIÁS
Felipe Da Mata,634.***.***69,26.0,"estrada gabrielly rocha, 634",ouro minas,RONDÔNIA
Enzo Gabriel Azevedo,789.***.***48,26.0,"estação cardoso, 175",barão homem de melo 1ª seção,PARÁ
Maitê Barbosa,231.***.***07,26.0,"estrada duarte, 37",marmiteiros,DISTRITO FEDERAL
Srta. Isis Da Cruz,073.***.***78,26.0,"praia moreira, 20",são jorge 2ª seção,RONDÔNIA
Otávio Da Mata,835.***.***29,26.0,"largo de da cruz, 431",mangueiras,PARANÁ
Sophie Castro,165.***.***09,26.0,"trevo de moraes, 78",bairro das indústrias ii,RIO GRANDE DO NORTE
Diogo Da Cunha,263.***.***60,26.0,"distrito kaique costa, 17",novo glória,MARANHÃO
Benício Fernandes,389.***.***77,26.0,"condomínio da cunha, 964",conjunto califórnia i,ALAGOAS
João Pedro Silva,523.***.***06,26.0,"praia de almeida, 38",vila nova gameleira 3ª seção,PERNAMBUCO
Heloísa Cunha,260.***.***83,26.0,"aeroporto santos, 94",ademar maldonado,PERNAMBUCO
Bruno Novaes,190.***.***93,26.0,"alameda de da mata, 18",barroca,AMAPÁ
Levi Cavalcanti,291.***.***55,26.0,"aeroporto aragão, 8",guarani,BAHIA
João Pedro Lopes,407.***.***96,26.0,"vereda daniel gonçalves, 6",bacurau,SÃO PAULO
Heloísa Da Luz,569.***.***57,26.0,"conjunto de cunha, 63",estrela,RONDÔNIA
Lorena Gomes,298.***.***65,26.0,"rodovia de cavalcanti, 47",capitão eduardo,SERGIPE
Milena Vieira,623.***.***51,26.0,"loteamento thiago fernandes, 51",graça,DISTRITO FEDERAL
Milena Ramos,160.***.***34,26.0,praça breno ribeiro,vista do sol,SÃO PAULO
Vitor Hugo Ramos,286.***.***78,26.0,"viela alice nogueira, 65",olaria,DISTRITO FEDERAL
Ana Julia Nascimento,197.***.***31,26.0,aeroporto cavalcanti,coqueiros,PARÁ
Dr. Enrico Carvalho,254.***.***00,26.0,travessa de santos,garças,PERNAMBUCO
Vitor Hugo Cunha,701.***.***39,26.0,"passarela isis porto, 38",capitão eduardo,SANTA CATARINA
Dr. Samuel Moura,402.***.***05,26.0,"parque daniel pinto, 7",vista alegre,DISTRITO FEDERAL
Luana Nascimento,314.***.***50,26.0,"vila letícia da paz, 17",marajó,MATO GROSSO DO SUL
Dra. Maria Vitória Viana,250.***.***00,26.0,colônia de moura,morro dos macacos,PERNAMBUCO
Sr. Calebe Duarte,936.***.***04,26.0,"alameda joão pedro castro, 14",vila fumec,BAHIA
Leonardo Costela,624.***.***29,26.0,via de jesus,caetano furquim,MARANHÃO
Benício Moreira,136.***.***24,26.0,"feira marcos vinicius da cruz, 317",leonina,DISTRITO FEDERAL
Lucca Mendes,819.***.***76,26.0,"via de ferreira, 44",cidade jardim,AMAPÁ
Sophie Farias,741.***.***00,26.0,"aeroporto de ribeiro, 65",mariquinhas,SÃO PAULO
Bruna Da Rocha,845.***.***19,26.0,"loteamento otávio freitas, 74",camponesa 2ª seção,MATO GROSSO
Heitor Nascimento,493.***.***84,26.0,área maria fernanda pinto,nova pampulha,ACRE
Rafael Porto,629.***.***30,26.0,"alameda da mata, 64",vila boa vista,ESPÍRITO SANTO
Luiz Miguel Da Paz,647.***.***80,26.0,"estrada de ribeiro, 73",buritis,PARAÍBA
Srta. Pietra Duarte,913.***.***04,26.0,"aeroporto de nascimento, 13",pongelupe,RORAIMA
Eloah Cunha,908.***.***60,26.0,"chácara de costa, 62",aparecida,PERNAMBUCO
Bruna Rodrigues,625.***.***67,26.0,"campo da costa, 719",olaria,RIO GRANDE DO NORTE
Felipe Monteiro,172.***.***68,26.0,"quadra de monteiro, 43",novo das industrias,AMAZONAS
Isis Campos,178.***.***41,26.0,estrada pereira,vila batik,RIO GRANDE DO SUL
Vitor Novaes,586.***.***08,26.0,"lagoa de da rocha, 60",jardim atlântico,SÃO PAULO
Yago Porto,907.***.***01,26.0,"parque alícia cavalcanti, 234",vila piratininga,TOCANTINS
Guilherme Campos,354.***.***79,26.0,"largo de duarte, 24",barro preto,GOIÁS
Vitor Moraes,297.***.***99,26.0,"campo enrico lima, 20",trevo,RIO GRANDE DO SUL
João Gabriel Jesus,790.***.***01,26.0,"favela martins, 7",barão homem de melo 2ª seção,TOCANTINS
Dr. Vitor Hugo Rezende,796.***.***58,26.0,"ladeira barros, 84",xodo-marize,MATO GROSSO
Dr. Arthur Carvalho,081.***.***97,26.0,"jardim silveira, 35",dona clara,RIO GRANDE DO SUL
Ryan Mendes,239.***.***55,26.0,"viaduto evelyn ribeiro, 56",dom silverio,PIAUÍ
Ana Laura Silva,485.***.***47,26.0,"campo de farias, 77",paulo vi,PIAUÍ
Lorenzo Novaes,370.***.***05,26.0,"loteamento alice freitas, 3",santa lúcia,SERGIPE
Cauê Cardoso,019.***.***60,26.0,"trecho alícia monteiro, 61",são jorge 3ª seção,SANTA CATARINA
Dra. Ana Luiza Silveira,324.***.***40,26.0,"alameda pinto, 59",cinquentenário,ALAGOAS
Lavínia Azevedo,318.***.***03,26.0,"condomínio larissa teixeira, 216",olhos d'água,RORAIMA
Letícia Jesus,451.***.***19,26.0,"vale de da mata, 75",bela vitoria,MATO GROSSO DO SUL
Bruna Ribeiro,352.***.***10,26.0,trevo beatriz cardoso,prado,DISTRITO FEDERAL
Theo Da Mata,758.***.***44,26.0,"feira souza, 65",santa helena,MATO GROSSO DO SUL
João Gabriel Porto,956.***.***91,26.0,"fazenda luiza campos, 62",horto,SÃO PAULO
Maria Julia Freitas,178.***.***53,26.0,"loteamento de gomes, 86",liberdade,AMAZONAS
Dr. Otávio Barros,683.***.***21,26.0,"condomínio marina costela, 29",morro dos macacos,SÃO PAULO
Yasmin Gomes,827.***.***35,26.0,"feira letícia nascimento, 5",unidas,SERGIPE
Sofia Novaes,576.***.***83,26.0,"aeroporto de ribeiro, 57",coração de jesus,PARANÁ
Ian Da Luz,152.***.***77,26.0,"feira moura, 2",das industrias i,RIO GRANDE DO SUL
Davi Luiz Souza,857.***.***53,26.0,"favela peixoto, 76",mangueiras,SANTA CATARINA
Cecília Araújo,032.***.***26,26.0,"distrito rezende, 61",jardim américa,AMAPÁ
Luiz Gustavo Duarte,381.***.***44,26.0,"favela caldeira, 98",maria helena,TOCANTINS
Ana Julia Cardoso,704.***.***88,26.0,"chácara campos, 423",vila são geraldo,RONDÔNIA
Gabrielly Lima,560.***.***30,26.0,"parque alves, 70",flavio de oliveira,RONDÔNIA
Heloísa Ribeiro,437.***.***37,26.0,sítio luiz gustavo cunha,nova vista,ESPÍRITO SANTO
Letícia Costa,530.***.***70,26.0,"viela yago oliveira, 70",serrano,SÃO PAULO
Ana Beatriz Da Rocha,438.***.***04,26.0,"alameda joão fernandes, 25",estrela do oriente,RONDÔNIA
Benjamin Moura,975.***.***97,26.0,"trevo de rezende, 83",coqueiros,PARAÍBA
Ana Julia Fogaça,103.***.***70,26.0,"área de gonçalves, 31",vila real 2ª seção,AMAZONAS
Clara Da Mata,354.***.***00,26.0,"aeroporto de gomes, 936",vila santo antônio,TOCANTINS
Fernanda Oliveira,102.***.***14,26.0,"trevo correia, 72",olhos d'água,SANTA CATARINA
Laura Das Neves,723.***.***29,26.0,"viaduto vitor gabriel ferreira, 32",minas brasil,RORAIMA
Lívia Teixeira,694.***.***29,26.0,"alameda teixeira, 9",vila são joão batista,PARAÍBA
Eloah Moreira,904.***.***00,26.0,"pátio de nunes, 3",vila nova dos milionarios,PARANÁ
Lívia Cardoso,619.***.***61,26.0,campo de da paz,nova vista,TOCANTINS
Augusto Freitas,930.***.***01,26.0,"trevo marcos vinicius jesus, 4",alpes,PARAÍBA
Raquel Fernandes,467.***.***94,26.0,"parque de teixeira, 132",vila de sá,DISTRITO FEDERAL
Sr. Anthony Da Costa,614.***.***07,26.0,"área lima, 7",vila são francisco,PIAUÍ
Murilo Melo,431.***.***80,26.0,"trecho pires, 10",nazare,AMAPÁ
Srta. Mirella Barbosa,430.***.***75,26.0,pátio de da rosa,glória,MATO GROSSO DO SUL
Gabriela Das Neves,437.***.***65,26.0,avenida emilly pereira,distrito industrial do jatoba,ACRE
Bruno Da Cunha,259.***.***24,26.0,quadra costa,bonsucesso,DISTRITO FEDERAL
Alexandre Rodrigues,740.***.***85,26.0,"vale rezende, 20",juliana,AMAPÁ
Natália Rezende,784.***.***11,26.0,"sítio nascimento, 64",são lucas,PARANÁ
Emilly Caldeira,732.***.***07,26.0,"estrada eduardo porto, 85",boa vista,ACRE
Levi Azevedo,639.***.***91,26.0,"estação da cruz, 13",primeiro de maio,MARANHÃO
Nicole Da Rocha,567.***.***90,26.0,"distrito clara viana, 41",lajedo,SÃO PAULO
Joana Moreira,435.***.***51,26.0,"viela de das neves, 139",novo glória,PIAUÍ
Maria Eduarda Almeida,573.***.***56,26.0,"travessa de barros, 4",santa helena,PERNAMBUCO
Marcela Da Cruz,876.***.***78,26.0,"viela viana, 95",santa rita de cássia,TOCANTINS
Helena Nunes,843.***.***42,26.0,"feira vieira, 28",vila são dimas,RIO GRANDE DO NORTE
Isaac Oliveira,209.***.***01,26.0,"rodovia cardoso, 377",santa cecilia,RIO DE JANEIRO
Manuela Pinto,094.***.***20,26.0,"praia almeida, 6",beira linha,SANTA CATARINA
Bryan Ramos,681.***.***94,26.0,"aeroporto de da rocha, 27",união,PARAÍBA
Sr. Enzo Gabriel Fernandes,769.***.***21,26.0,"rodovia laís nunes, 50",vila madre gertrudes 2ª seção,MINAS GERAIS
Brenda Ramos,269.***.***83,26.0,"rodovia de souza, 416",conjunto são francisco de assis,MINAS GERAIS
Yuri Rezende,564.***.***89,26.0,"praia costa, 3",vila santo antônio barroquinha,MATO GROSSO
Luiz Miguel Da Costa,630.***.***34,26.0,via porto,conjunto capitão eduardo,SERGIPE
Enzo Nogueira,187.***.***69,26.0,"campo cauã freitas, 66",xangri-lá,RONDÔNIA
Davi Lucca Azevedo,035.***.***10,26.0,"condomínio cunha, 74",camponesa 2ª seção,AMAZONAS
Luiz Otávio Fernandes,716.***.***85,26.0,núcleo pietro barros,vila piratininga,MINAS GERAIS
Thomas Correia,083.***.***66,26.0,"aeroporto melo, 31",conjunto celso machado,BAHIA
Davi Lucca Teixeira,647.***.***26,26.0,"condomínio de lima, 66",mirtes,RIO GRANDE DO SUL
Luiz Gustavo Ribeiro,149.***.***78,26.0,"pátio davi lucca viana, 6",gameleira,PARAÍBA
Pietra Da Mata,427.***.***08,26.0,"feira gonçalves, 4",vila paquetá,MATO GROSSO DO SUL
Joaquim Azevedo,016.***.***16,26.0,núcleo viana,conjunto jatoba,GOIÁS
Sra. Agatha Melo,506.***.***60,26.0,"feira de oliveira, 1",mariquinhas,RORAIMA
Maria Julia Lopes,613.***.***68,26.0,"campo araújo, 10",tiradentes,RONDÔNIA
Dr. Marcelo Cardoso,862.***.***07,26.0,lagoa ana sophia oliveira,pedreira padro lopes,MARANHÃO
Catarina Moreira,207.***.***11,26.0,"jardim sales, 42",conjunto minas caixa,MINAS GERAIS
Heitor Vieira,089.***.***92,26.0,"morro aragão, 796",estrela,AMAZONAS
Luiz Fernando Da Luz,071.***.***01,26.0,"aeroporto pietro oliveira, 4",parque são josé,MINAS GERAIS
Sabrina Silva,216.***.***69,26.0,"rodovia pedro henrique santos, 46",lagoa,RIO GRANDE DO SUL
Luiz Henrique Martins,648.***.***82,26.0,"praia ferreira, 17",heliopolis,ALAGOAS
Catarina Carvalho,196.***.***10,26.0,"vila de farias, 46",minas caixa,PERNAMBUCO
Ana Vitória Azevedo,529.***.***01,26.0,"campo yasmin moreira, 49",funcionários,RONDÔNIA
Thales Campos,412.***.***89,26.0,"avenida lavínia castro, 46",marieta 2ª seção,PARAÍBA
Thales Oliveira,369.***.***50,26.0,condomínio levi almeida,vila nova cachoeirinha 3ª seção,GOIÁS
Fernanda Cavalcanti,912.***.***51,26.0,"viela isis gomes, 43",petropolis,ALAGOAS
Dr. João Gabriel Da Conceição,831.***.***00,26.0,"jardim luiz felipe duarte, 1",bela vitoria,AMAZONAS
Noah Barros,310.***.***86,26.0,"jardim almeida, 48",belvedere,ESPÍRITO SANTO
Dr. Felipe Novaes,685.***.***59,26.0,"pátio de ribeiro, 16",pindura saia,ESPÍRITO SANTO
Luiz Fernando Aragão,120.***.***01,26.0,"ladeira mariane santos, 7",distrito industrial do jatoba,DISTRITO FEDERAL
Ana Júlia Cardoso,812.***.***76,26.0,"vila silveira, 86",gameleira,BAHIA
Marina Ramos,068.***.***10,26.0,"ladeira duarte, 35",urca,AMAZONAS
Dra. Joana Lopes,619.***.***11,26.0,"viaduto de novaes, 952",dom cabral,SERGIPE
Isabel Duarte,146.***.***87,26.0,"aeroporto isaac da conceição, 1",vila jardim montanhes,ACRE
Paulo Jesus,078.***.***92,26.0,"fazenda de porto, 4",santa lúcia,RIO DE JANEIRO
Laura Costa,540.***.***25,26.0,"distrito de moraes, 56",alto vera cruz,ALAGOAS
Sra. Milena Pinto,280.***.***24,26.0,"jardim novaes, 13",sion,PERNAMBUCO
Danilo Ribeiro,109.***.***80,26.0,"ladeira de da conceição, 76",venda nova,MINAS GERAIS
Lívia Nunes,742.***.***23,26.0,"passarela de porto, 65",pousada santo antonio,BAHIA
Alícia Rodrigues,349.***.***16,26.0,"travessa de farias, 9",esplanada,GOIÁS
Agatha Rezende,057.***.***79,26.0,"parque da luz, 3",grajaú,MARANHÃO
Juliana Santos,605.***.***59,26.0,"parque de silveira, 6",são jorge 3ª seção,SERGIPE
Maria Fernanda Da Conceição,408.***.***50,26.0,"campo santos, 714",alto barroca,AMAZONAS
Daniela Barbosa,861.***.***64,26.0,"área de moreira, 82",das industrias i,RORAIMA
Arthur Pinto,562.***.***25,26.0,viela kamilly cunha,vista do sol,GOIÁS
Emanuel Aragão,910.***.***57,26.0,"campo de da cruz, 22",conjunto são francisco de assis,SANTA CATARINA
Dra. Alice Vieira,936.***.***00,26.0,rodovia cunha,das industrias i,PARÁ
Maria Cecília Moreira,805.***.***71,26.0,"passarela joão pedro nunes, 6",vila oeste,MATO GROSSO DO SUL
,532.***.***41,26.0,"estação alves, 8",vila petropolis,PERNAMBUCO
Maria Vitória Campos,380.***.***57,26.0,"viela da costa, 16",canadá,PERNAMBUCO
Isabel Da Conceição,819.***.***93,26.0,"vale nogueira, 8",bela vitoria,CEARÁ
,013.***.***69,26.0,"parque helena pires, 852",vila jardim são josé,RORAIMA
Dr. Thomas Nunes,967.***.***46,26.0,"vereda da mota, 37",vila da luz,PIAUÍ
Lucca Moura,718.***.***35,26.0,"praia bryan martins, 8",santa amelia,PIAUÍ
Diogo Souza,169.***.***95,26.0,"largo maysa cavalcanti, 6",vila satélite,MINAS GERAIS
Juliana Costa,980.***.***39,26.0,"alameda de campos, 32",vila são rafael,RIO GRANDE DO NORTE
Eduarda Da Costa,739.***.***48,26.0,"jardim de lima, 1",das industrias i,SERGIPE
Alana Freitas,427.***.***73,26.0,aeroporto noah jesus,diamante,MATO GROSSO DO SUL
Murilo Ramos,374.***.***00,26.0,"feira jesus, 20",aparecida 7ª seção,PIAUÍ
Cecília Souza,294.***.***30,26.0,"campo emanuelly gonçalves, 51",novo glória,RONDÔNIA
Raul Martins,187.***.***26,26.0,"alameda de carvalho, 150",saudade,PERNAMBUCO
Renan Cavalcanti,072.***.***77,26.0,"trevo nina pereira, 99",álvaro camargos,AMAZONAS
Sr. Diego Pires,842.***.***41,26.0,"morro eduarda farias, 92",aarão reis,SERGIPE
Sofia Da Rocha,719.***.***03,26.0,"vale davi luiz dias, 709",vila oeste,SANTA CATARINA
Lorenzo Dias,271.***.***04,26.0,"favela elisa barbosa, 521",jardim vitoria,PARANÁ
Sr. Vitor Souza,426.***.***83,26.0,"aeroporto laura gonçalves, 7",vila vista alegre,ALAGOAS
Vitor Gabriel Cardoso,354.***.***50,26.0,"setor de da luz, 81",são cristóvão,TOCANTINS
Pedro Rodrigues,790.***.***20,26.0,"trevo de moreira, 63",araguaia,ACRE
Eduarda Teixeira,745.***.***17,26.0,"ladeira peixoto, 85",são marcos,TOCANTINS
Daniel Oliveira,753.***.***08,26.0,colônia maitê cardoso,copacabana,GOIÁS
Isadora Nogueira,129.***.***05,26.0,"praia de campos, 94",candelaria,BAHIA
Sr. Fernando Moraes,768.***.***95,26.0,"área moreira, 8",grajaú,PIAUÍ
Luiza Araújo,246.***.***10,26.0,jardim de dias,mirtes,PARAÍBA
Maria Luiza Pires,620.***.***67,26.0,"viela de gonçalves, 79",vila havaí,PARÁ
João Lucas Das Neves,974.***.***49,26.0,"campo de nascimento, 5",serra do curral,PARANÁ
Vitor Gabriel Carvalho,387.***.***92,26.0,"viaduto farias, 15",sagrada família,GOIÁS
Henrique Sales,196.***.***39,26.0,"jardim cavalcanti, 94",petropolis,RIO DE JANEIRO
Henrique Ferreira,360.***.***07,26.0,"lago de lopes, 6",floramar,ACRE
Dra. Raquel Da Mota,263.***.***78,26.0,"aeroporto de fogaça, 29",santa sofia,DISTRITO FEDERAL
Levi Melo,513.***.***09,26.0,"travessa de da luz, 42",vila nova paraíso,Desconhecido
Ana Luiza Gomes,287.***.***12,26.0,"estação de da costa, 211",pilar,PARAÍBA
Isaac Fernandes,572.***.***07,26.0,"recanto rodrigues, 80",minas caixa,DISTRITO FEDERAL
Leandro Fernandes,018.***.***15,26.0,"praia daniel barbosa, 847",silveira,ALAGOAS
Dr. Breno Sales,135.***.***42,26.0,estação miguel rodrigues,coração de jesus,ACRE
Rafael Araújo,481.***.***17,26.0,"trevo sofia moreira, 67",alta tensão 1ª seção,ESPÍRITO SANTO
Eduardo Da Costa,043.***.***31,26.0,"quadra de alves, 729",camponesa 2ª seção,MATO GROSSO DO SUL
Dra. Larissa Fernandes,562.***.***00,26.0,"aeroporto jesus, 2",são francisco,SERGIPE
Milena Da Rocha,864.***.***49,26.0,"alameda araújo, 53",piratininga,RIO GRANDE DO NORTE
Eduarda Aragão,362.***.***90,26.0,"viela de sales, 68",nova esperança,MATO GROSSO DO SUL
Sr. Ian Barbosa,149.***.***70,26.0,"morro ryan da luz, 43",vila nova gameleira 2ª seção,CEARÁ
Ian Cardoso,731.***.***78,26.0,área ferreira,jardim montanhês,RIO GRANDE DO SUL
Vitor Gabriel Ferreira,916.***.***01,26.0,"conjunto farias, 36",silveira,PIAUÍ
Rodrigo Melo,982.***.***89,26.0,praia marina da rosa,são jorge 3ª seção,CEARÁ
Anthony Rezende,831.***.***66,26.0,"via de viana, 68",beija flor,SÃO PAULO
Sra. Bianca Farias,783.***.***26,26.0,"viela campos, 2",anchieta,ACRE
João Carvalho,298.***.***50,26.0,"vereda de aragão, 15",horto,RIO GRANDE DO NORTE
Benício Da Costa,783.***.***07,26.0,"vereda de souza, 13",europa,ACRE
Yuri Alves,896.***.***03,26.0,"colônia da costa, 7",ouro minas,CEARÁ
Gabriela Da Rosa,210.***.***31,26.0,"vale de caldeira, 8",ribeiro de abreu,SANTA CATARINA
Eduarda Da Conceição,238.***.***00,26.0,"praia de silva, 91",joão pinheiro,ESPÍRITO SANTO
Vicente Aragão,875.***.***88,26.0,avenida da luz,vila inestan,DISTRITO FEDERAL
Srta. Sabrina Teixeira,682.***.***89,26.0,"estrada de da rosa, 69",jonas veiga,RIO DE JANEIRO
Antônio Santos,198.***.***03,26.0,"morro da rocha, 84",tirol,PERNAMBUCO
Dr. Lucca Pinto,526.***.***09,26.0,"estrada sabrina freitas, 40",acaba mundo,MATO GROSSO DO SUL
Emilly Vieira,924.***.***33,26.0,"recanto miguel moraes, 45",penha,MATO GROSSO
Dr. Gabriel Da Mata,701.***.***69,26.0,"feira de farias, 28",horto,ACRE
Emanuella Azevedo,406.***.***01,26.0,"sítio moura, 50",ápia,BAHIA
Ana Julia Rocha,618.***.***60,26.0,"trevo davi lucca da cruz, 72",boa união 1ª seção,TOCANTINS
Milena Castro,482.***.***82,26.0,"chácara da mota, 218",conjunto floramar,PERNAMBUCO
Lavínia Peixoto,204.***.***50,26.0,"feira martins, 78",estrela do oriente,DISTRITO FEDERAL
Enzo Gabriel Gomes,893.***.***40,26.0,"setor luiz henrique monteiro, 4",madri,DISTRITO FEDERAL
Laura Fogaça,196.***.***80,26.0,"chácara de da mota, 4",pompéia,ALAGOAS
Sr. Vitor Da Mata,062.***.***78,26.0,Endereço inválido,Desconhecido,RIO GRANDE DO SUL
Sophie Pinto,023.***.***40,26.0,residencial noah mendes,vila atila de paiva,RONDÔNIA
Sr. Kaique Peixoto,726.***.***47,26.0,"fazenda moraes, 80",vila vista alegre,SANTA CATARINA
Luiz Henrique Mendes,248.***.***76,26.0,"travessa leandro da mata, 898",vila sesc,PARÁ
Sr. Felipe Barros,569.***.***57,26.0,"área raquel moura, 8",mangabeiras,Desconhecido
Ana Beatriz Pereira,798.***.***01,26.0,condomínio de santos,jaraguá,SANTA CATARINA
Sr. Rafael Silva,238.***.***15,26.0,"estação lara almeida, 67",sagrada família,MARANHÃO
Dra. Olivia Mendes,189.***.***05,26.0,residencial de mendes,jardim guanabara,SERGIPE
Eduardo Sales,052.***.***74,26.0,"aeroporto emanuel barros, 4",tres marias,PERNAMBUCO
André Rodrigues,375.***.***91,26.0,"trecho gomes, 3",barreiro,PIAUÍ
Sophia Cavalcanti,092.***.***56,26.0,"alameda paulo da cruz, 70",vila madre gertrudes 3ª seção,AMAZONAS
Carolina Sales,519.***.***40,26.0,"residencial pinto, 95",etelvina carneiro,BAHIA
Lucas Monteiro,654.***.***37,26.0,"lagoa de silveira, 91",trevo,MARANHÃO
João Felipe Dias,850.***.***42,26.0,"condomínio moura, 504",santa helena,SERGIPE
Dr. Ian Fogaça,248.***.***32,26.0,distrito de cavalcanti,vila barragem santa lúcia,TOCANTINS
Lorena Barros,785.***.***10,26.0,"favela letícia jesus, 34",novo ouro preto,ALAGOAS
Sra. Ana Clara Teixeira,760.***.***59,26.0,"feira de da conceição, 796",mangabeiras,RORAIMA
Natália Monteiro,481.***.***60,26.0,morro de ramos,conjunto taquaril,RIO GRANDE DO SUL
Eduarda Duarte,893.***.***30,26.0,"quadra lopes, 69",vila da paz,ACRE
Larissa Carvalho,632.***.***37,26.0,"jardim de carvalho, 5",santo andré,RORAIMA
Lara Moraes,549.***.***09,26.0,"vereda araújo, 18",garças,PARANÁ
Sophie Da Rosa,254.***.***50,26.0,"pátio fernandes, 59",vila ouro minas,SÃO PAULO
Olivia Martins,391.***.***39,26.0,"jardim vinicius caldeira, 28",jonas veiga,CEARÁ
Thomas Barros,105.***.***12,26.0,"passarela de araújo, 123",andiroba,GOIÁS
Davi Luiz Azevedo,478.***.***31,26.0,"rodovia eduarda ramos, 87",engenho nogueira,SÃO PAULO
Danilo Santos,297.***.***55,26.0,"viela ana júlia fernandes, 25",pirineus,PARÁ
Sr. Enzo Porto,496.***.***67,26.0,"vereda cauê barbosa, 141",conjunto providencia,MATO GROSSO
Bianca Alves,304.***.***57,26.0,"campo rodrigues, 351",brasil industrial,SANTA CATARINA
Alexia Das Neves,267.***.***00,26.0,"residencial de sales, 5",vila cloris,RONDÔNIA
Esther Campos,523.***.***53,26.0,"área de castro, 108",nova vista,SÃO PAULO
Ana Júlia Freitas,584.***.***17,26.0,"estrada fernanda jesus, 2",santa margarida,GOIÁS
Maria Vitória Da Mata,826.***.***76,26.0,"lagoa pietro da cruz, 524",vila santa monica 2ª seção,PARÁ
Ryan Da Mata,172.***.***80,26.0,"rodovia de porto, 90",marieta 2ª seção,ALAGOAS
Emilly Ribeiro,584.***.***05,26.0,"parque de gomes, 71",mala e cuia,RIO GRANDE DO NORTE
Bernardo Pinto,217.***.***12,26.0,"esplanada de moura, 30",vila petropolis,PERNAMBUCO
Nicole Peixoto,829.***.***89,26.0,distrito moraes,indaiá,MINAS GERAIS
Isaac Da Conceição,867.***.***85,26.0,"lago da luz, 59",suzana,GOIÁS
Davi Lucca Santos,571.***.***73,26.0,"favela beatriz da costa, 77",antonio ribeiro de abreu 1ª seção,RIO DE JANEIRO
Paulo Lopes,186.***.***11,26.0,"passarela davi lucca lopes, 37",ernesto nascimento,MARANHÃO
Sophie Vieira,938.***.***83,26.0,"vereda de da mota, 564",jaqueline,PIAUÍ
Rodrigo Da Cruz,648.***.***11,26.0,"favela costa, 372",serra,SÃO PAULO
Sr. Samuel Barbosa,903.***.***23,26.0,"distrito jesus, 34",vila rica,AMAZONAS
Dr. Cauê Ramos,109.***.***34,26.0,"viela de castro, 27",álvaro camargos,RONDÔNIA
Bruno Jesus,354.***.***42,26.0,"campo moreira, 48",tirol,ESPÍRITO SANTO
Lívia Correia,843.***.***65,26.0,"favela de da rocha, 6",carlos prates,MATO GROSSO
Enrico Da Rocha,241.***.***05,26.0,condomínio maria julia cavalcanti,vila são dimas,PERNAMBUCO
Rafaela Aragão,269.***.***22,26.0,chácara maria fernanda castro,marajó,SÃO PAULO
Dr. Marcos Vinicius Farias,475.***.***80,26.0,ladeira castro,jardim são josé,PERNAMBUCO
Larissa Lopes,015.***.***12,26.0,"largo cavalcanti, 96",floramar,PERNAMBUCO
Isadora Carvalho,917.***.***13,26.0,"pátio de da paz, 57",são joão,SÃO PAULO
Sr. Vitor Da Rocha,234.***.***51,26.0,"recanto de novaes, 32",serra do curral,RIO DE JANEIRO
Isadora Pereira,501.***.***06,26.0,"jardim stella da costa, 91",pompéia,MATO GROSSO
Dr. Bernardo Da Cunha,147.***.***79,26.0,"residencial marina azevedo, 89",lagoinha leblon,PARAÍBA
Gabrielly Mendes,954.***.***50,26.0,"praça joão rezende, 30",céu azul,RORAIMA
Sr. Bruno Da Mata,473.***.***99,26.0,"chácara alice ferreira, 678",vila calafate,GOIÁS
Breno Rocha,237.***.***52,26.0,estação de rodrigues,tres marias,SERGIPE
Luigi Ferreira,148.***.***19,26.0,trevo vieira,nossa senhora aparecida,MATO GROSSO
Davi Lucca Da Cruz,862.***.***78,26.0,"sítio de novaes, 75",vila são dimas,ALAGOAS
Henrique Almeida,824.***.***31,26.0,"área da costa, 29",dona clara,CEARÁ
Dr. Vitor Hugo Caldeira,943.***.***42,26.0,"feira da costa, 17",vila dos anjos,GOIÁS
Alexia Souza,348.***.***48,26.0,"lagoa alves, 97",buritis,PIAUÍ
Luiza Azevedo,683.***.***92,26.0,"recanto elisa da mota, 8",alípio de melo,RONDÔNIA
Dr. Kaique Da Mota,143.***.***60,26.0,"setor vinicius moraes, 475",nossa senhora aparecida,MINAS GERAIS
Laura Lima,051.***.***41,26.0,"área oliveira, 91",são paulo,BAHIA
Raul Rodrigues,039.***.***05,26.0,"aeroporto da rocha, 499",estrela,BAHIA
Joaquim Melo,305.***.***21,26.0,"ladeira ribeiro, 6",vila santo antônio,PERNAMBUCO
Benjamin Cardoso,054.***.***44,26.0,"trevo da cunha, 2",são bento,MARANHÃO
João Miguel Lopes,741.***.***26,26.0,"via de nunes, 63",olaria,ALAGOAS
Letícia Da Mota,587.***.***02,26.0,"travessa de lopes, 205",mariano de abreu,SERGIPE
Levi Da Rocha,840.***.***92,26.0,"via brenda cunha, 49",vila da ária,RIO GRANDE DO NORTE
Lorena Caldeira,625.***.***60,26.0,"praça ana luiza fernandes, 5",conjunto jatoba,MATO GROSSO
Cauê Nogueira,473.***.***64,26.0,recanto melo,conjunto providencia,PARAÍBA
Sra. Yasmin Ferreira,805.***.***68,26.0,"lago de da cunha, 6",custodinha,RIO DE JANEIRO
Nicole Almeida,529.***.***79,26.0,chácara joão gabriel nogueira,goiania,BAHIA
Fernando Pereira,560.***.***59,26.0,"trecho de rodrigues, 659",alto das antenas,MATO GROSSO
Breno Pereira,916.***.***91,26.0,"residencial gabriela azevedo, 35",vila rica,SERGIPE
Clara Dias,190.***.***50,26.0,"conjunto da conceição, 39",outro,MATO GROSSO
Dra. Milena Vieira,237.***.***87,26.0,"campo camila das neves, 14",granja de freitas,PARÁ
Vitor Gabriel Porto,394.***.***43,26.0,"residencial luiza correia, 598",savassi,ALAGOAS
Sr. Erick Da Rosa,971.***.***84,26.0,núcleo de caldeira,vila são joão batista,MINAS GERAIS
Marcos Vinicius Da Cunha,709.***.***04,26.0,"lagoa de rodrigues, 23",vila nova,RIO GRANDE DO NORTE
Sra. Nina Pires,651.***.***26,26.0,"viela eloah cunha, 42",vila suzana primeira seção,SÃO PAULO
Felipe Ribeiro,259.***.***60,26.0,"núcleo maria julia cunha, 21",vila santa rosa,MATO GROSSO
Maria Julia Porto,864.***.***07,26.0,alameda nascimento,vila suzana primeira seção,ALAGOAS
Pedro Cardoso,125.***.***50,26.0,"travessa de da rosa, 86",itaipu,PARAÍBA
Rebeca Da Paz,047.***.***66,26.0,"sítio de costa, 5",pantanal,PARANÁ
Enrico Gonçalves,637.***.***46,26.0,campo bernardo barros,conjunto são francisco de assis,SÃO PAULO
Murilo Campos,031.***.***22,26.0,recanto silva,joão paulo ii,ACRE
Olivia Porto,608.***.***65,26.0,"conjunto almeida, 3",bela vitoria,RIO GRANDE DO SUL
Mirella Da Conceição,854.***.***05,26.0,"pátio joão lucas cardoso, 77",maria tereza,SANTA CATARINA
Stephany Cardoso,453.***.***46,26.0,"praia luiz gustavo da luz, 83",são joão batista,BAHIA
Sr. Enrico Melo,829.***.***89,26.0,"esplanada farias, 252",caetano furquim,PIAUÍ
Dr. Gabriel Souza,432.***.***52,26.0,"rodovia de costela, 116",são geraldo,PERNAMBUCO
Davi Jesus,914.***.***70,26.0,"quadra vieira, 230",cdi jatoba,BAHIA
Guilherme Freitas,517.***.***07,26.0,"trecho de caldeira, 369",santa sofia,SANTA CATARINA
Theo Costa,705.***.***49,26.0,"largo joão santos, 10",vila batik,RONDÔNIA
Dr. Gustavo Henrique Das Neves,430.***.***00,26.0,"setor juliana fogaça, 605",piraja,MATO GROSSO DO SUL
Maria Luiza Gomes,821.***.***53,26.0,"área ana vitória martins, 56",xodo-marize,SERGIPE
Davi Lucas Peixoto,610.***.***07,26.0,"área thomas moraes, 58",canaa,ACRE
Bruna Almeida,610.***.***57,26.0,"chácara mendes, 64",varzea da palma,RIO GRANDE DO NORTE
Juliana Ramos,846.***.***05,26.0,"vale de duarte, 5",horto florestal,DISTRITO FEDERAL
Sarah Nascimento,560.***.***99,26.0,"alameda das neves, 1",planalto,ACRE
Brenda Da Luz,037.***.***22,26.0,"viela danilo farias, 54",lagoa,MATO GROSSO DO SUL
Heloísa Da Costa,648.***.***19,26.0,"favela correia, 6",vila dos anjos,MATO GROSSO DO SUL
Emanuella Araújo,758.***.***82,26.0,rodovia maria julia peixoto,jardim guanabara,PIAUÍ
Vitor Viana,036.***.***34,26.0,"trecho de oliveira, 41",urca,TOCANTINS
Yago Lopes,720.***.***59,26.0,"lagoa danilo fogaça, 756",nova gameleira,PARANÁ
Lívia Souza,308.***.***50,26.0,"colônia de correia, 93",laranjeiras,TOCANTINS
Gabriela Cavalcanti,359.***.***41,26.0,"setor oliveira, 4",são josé,MATO GROSSO DO SUL
Enzo Nogueira,309.***.***00,26.0,morro de ferreira,vila são joão batista,PIAUÍ
Dr. Ian Barbosa,412.***.***03,26.0,"alameda eduardo barros, 60",gameleira,PIAUÍ
Gabriela Rocha,348.***.***35,26.0,"área joaquim nogueira, 98",pedreira padro lopes,RIO GRANDE DO NORTE
Maria Julia Martins,576.***.***12,26.0,"loteamento de nunes, 83",jatobá,MINAS GERAIS
Dra. Marina Santos,950.***.***02,26.0,"viela alana souza, 456",união,RIO GRANDE DO SUL
Heloísa Teixeira,635.***.***07,26.0,"viela de da cruz, 61",bonsucesso,GOIÁS
Paulo Farias,593.***.***15,26.0,"esplanada thomas pires, 33",providencia,SÃO PAULO
Gabrielly Cardoso,127.***.***43,26.0,estrada da cruz,aparecida,ACRE
Davi Aragão,598.***.***20,26.0,"residencial de cardoso, 66",vila santo antônio,PARANÁ
Yago Peixoto,380.***.***05,26.0,"condomínio de nunes, 436",vila betânia,PARAÍBA
Erick Da Conceição,983.***.***83,26.0,"morro nunes, 657",ipe,MINAS GERAIS
Isis Araújo,216.***.***13,26.0,"praia de campos, 82",vila oeste,AMAPÁ
Dr. Nicolas Rezende,460.***.***49,26.0,"esplanada marcela castro, 36",flavio de oliveira,PARAÍBA
Sr. Samuel Nascimento,914.***.***24,26.0,setor luana ramos,nova pampulha,SERGIPE
Sra. Maria Fernanda Barbosa,718.***.***03,26.0,"esplanada pedro nascimento, 71",vila são paulo,PARÁ
Luiz Felipe Farias,069.***.***74,26.0,"favela kaique fogaça, 19",castelo,PARÁ
Sr. Calebe Silva,402.***.***49,26.0,rodovia de castro,santa branca,GOIÁS
Emanuella Gonçalves,107.***.***02,26.0,Endereço inválido,Desconhecido,GOIÁS
Augusto Oliveira,246.***.***17,26.0,"colônia costa, 81",vera cruz,GOIÁS
Pedro Azevedo,953.***.***65,26.0,"vale vieira, 49",comiteco,MARANHÃO
Sra. Maria Luiza Fogaça,650.***.***06,26.0,"recanto de moreira, 426",santo agostinho,AMAPÁ
Eduarda Oliveira,365.***.***83,26.0,"sítio clarice sales, 99",silveira,SERGIPE
Paulo Ramos,490.***.***43,26.0,sítio azevedo,vila mantiqueira,MATO GROSSO
Beatriz Pires,275.***.***21,26.0,recanto de castro,centro,MINAS GERAIS
Fernando Azevedo,790.***.***99,26.0,"estação rafael nunes, 90",jardim são josé,DISTRITO FEDERAL
Eloah Silva,037.***.***61,26.0,"viela da rocha, 160",barão homem de melo 2ª seção,PERNAMBUCO
Caio Araújo,407.***.***14,26.0,"morro ribeiro, 11",casa branca,AMAZONAS
Sra. Valentina Sales,269.***.***31,26.0,"sítio ramos, 73",cachoeirinha,PARANÁ
Melissa Cunha,719.***.***73,26.0,"ladeira luiza pinto, 9",conjunto minas caixa,PERNAMBUCO
Laís Da Paz,139.***.***33,26.0,"lagoa cavalcanti, 12",vila ecológica,BAHIA
Heitor Silveira,183.***.***89,26.0,avenida azevedo,santa maria,ACRE
Fernanda Moraes,064.***.***44,26.0,"avenida rocha, 13",alta tensão 2ª seção,RORAIMA
Alana Souza,801.***.***42,26.0,"praia moreira, 1",cardoso,PIAUÍ
Srta. Caroline Da Rosa,192.***.***98,26.0,"passarela rocha, 96",buraco quente,CEARÁ
Stephany Vieira,682.***.***22,26.0,"travessa guilherme carvalho, 7",jonas veiga,TOCANTINS
Enzo Barros,794.***.***16,26.0,"estação fernandes, 85",nova floresta,MINAS GERAIS
Caroline Peixoto,036.***.***30,26.0,"loteamento thales pires, 51",vila união,SERGIPE
Maria Vitória Novaes,804.***.***58,26.0,"via vieira, 26",ouro preto,RORAIMA
Bruna Moura,240.***.***06,26.0,"quadra amanda martins, 4",universo,RIO GRANDE DO SUL
Maitê Peixoto,501.***.***58,26.0,"distrito caldeira, 95",serra,RIO GRANDE DO NORTE
Dr. Anthony Barbosa,749.***.***20,26.0,"distrito de fogaça, 13",pompéia,MINAS GERAIS
Alexandre Jesus,269.***.***34,26.0,"aeroporto de fogaça, 74",vila santa monica 2ª seção,PIAUÍ
Marcos Vinicius Campos,421.***.***22,26.0,"trecho de barbosa, 7",são josé,DISTRITO FEDERAL
João Miguel Moura,371.***.***05,26.0,"praça de costela, 38",renascença,RORAIMA
Ana Júlia Cardoso,096.***.***00,26.0,"praia da mata, 88",vila piratininga venda nova,BAHIA
Stella Rodrigues,870.***.***92,26.0,"loteamento maria alice costela, 63",santa maria,TOCANTINS
Rebeca Da Rosa,640.***.***22,26.0,trecho da mata,barroca,SERGIPE
Henrique Monteiro,378.***.***73,26.0,"largo theo silva, 91",nossa senhora da conceição,ESPÍRITO SANTO
Ana Beatriz Teixeira,243.***.***17,26.0,"viaduto ferreira, 22",goiania,PIAUÍ
Luigi Da Rosa,316.***.***87,26.0,"pátio de rocha, 4",cinquentenário,RIO GRANDE DO NORTE
Melissa Dias,170.***.***05,26.0,"quadra isabel castro, 40",biquinhas,SÃO PAULO
Beatriz Nunes,483.***.***44,26.0,"praça das neves, 274",são jorge 3ª seção,RIO GRANDE DO SUL
Raquel Campos,213.***.***13,26.0,"estação ana lívia farias, 3",vila santa rosa,SERGIPE
Alícia Nascimento,578.***.***59,26.0,"aeroporto alícia vieira, 84",comiteco,RONDÔNIA
Maria Julia Vieira,495.***.***67,26.0,"vale oliveira, 15",gameleira,MATO GROSSO
Igor Ramos,695.***.***77,26.0,"lago de caldeira, 4",beija flor,PERNAMBUCO
Alice Cardoso,123.***.***09,26.0,"viaduto araújo, 76",são bento,BAHIA
Julia Das Neves,201.***.***32,26.0,"praça maria sophia da cunha, 71",vila batik,PERNAMBUCO
Kamilly Rezende,470.***.***74,26.0,"setor de pires, 39",conjunto jatoba,MINAS GERAIS
Breno Freitas,205.***.***41,26.0,"loteamento de ferreira, 24",nova suíça,AMAZONAS
Ana Lívia Da Paz,347.***.***69,26.0,"ladeira gomes, 10",califórnia,DISTRITO FEDERAL
Sr. Daniel Cavalcanti,609.***.***33,26.0,"núcleo de da paz, 894",sion,MARANHÃO
Sr. Pedro Cavalcanti,863.***.***84,26.0,recanto de melo,nossa senhora do rosário,MATO GROSSO
João Melo,053.***.***20,26.0,"via de santos, 172",jardinópolis,ALAGOAS
Eloah Viana,694.***.***22,26.0,"chácara isabella melo, 9",engenho nogueira,PARAÍBA
Catarina Vieira,631.***.***28,26.0,"lagoa moraes, 1",fazendinha,AMAPÁ
Dra. Emanuelly Da Luz,549.***.***20,26.0,"trevo peixoto, 13",jardim alvorada,AMAPÁ
Júlia Araújo,324.***.***14,26.0,"passarela de alves, 45",conjunto celso machado,PARÁ
Enrico Aragão,496.***.***34,26.0,trevo de porto,jardim leblon,PERNAMBUCO
Sr. Bruno Pires,428.***.***49,26.0,"quadra pinto, 896",nova gameleira,PERNAMBUCO
Daniela Freitas,786.***.***28,26.0,"aeroporto de pires, 59",nossa senhora da conceição,RONDÔNIA
Samuel Caldeira,801.***.***86,26.0,campo monteiro,cabana do pai tomás,RIO GRANDE DO SUL
Nome inválido,930.***.***38,26.0,"colônia da rocha, 31",jardim américa,ALAGOAS
Nome inválido,146.***.***00,26.0,"estrada nogueira, 21",atila de paiva,MATO GROSSO DO SUL
Renan Da Luz,294.***.***23,26.0,rua não cadastrada,bairro não cadastrado,SÃO PAULO
Caroline Costa,401.***.***88,26.0,rua não cadastrada,bairro não cadastrado,PERNAMBUCO
Giovanna Farias,241.***.***35,26.0,rua não cadastrada,bairro não cadastrado,RIO GRANDE DO SUL
Maitê Araújo,496.***.***55,26.0,rua não cadastrada,bairro não cadastrado,PIAUÍ
Lavínia Da Mota,039.***.***00,26.0,rua não cadastrada,bairro não cadastrado,RORAIMA
Igor Cardoso,345.***.***05,26.0,rua não cadastrada,bairro não cadastrado,PARAÍBA
Maria Julia Campos,018.***.***13,26.0,rua não cadastrada,bairro não cadastrado,TOCANTINS
Marcos Vinicius Das Neves,617.***.***02,26.0,rua não cadastrada,bairro não cadastrado,SÃO PAULO
Isabel Barbosa,986.***.***02,26.0,rua não cadastrada,bairro não cadastrado,CEARÁ
Ryan Gomes,861.***.***60,26.0,rua não cadastrada,bairro não cadastrado,ACRE
Breno Duarte,463.***.***98,26.0,rua não cadastrada,bairro não cadastrado,RIO DE JANEIRO
Eloah Peixoto,064.***.***16,26.0,rua não cadastrada,bairro não cadastrado,SERGIPE
Luiza Sales,726.***.***80,26.0,rua não cadastrada,bairro não cadastrado,RIO GRANDE DO SUL
Dr. Alexandre Sales,427.***.***40,26.0,rua não cadastrada,bairro não cadastrado,SÃO PAULO
Alícia Campos,162.***.***94,26.0,rua não cadastrada,bairro não cadastrado,PIAUÍ
Luigi Porto,826.***.***83,26.0,"parque de santos, 88",são joão,ESPÍRITO SANTO
